25,7,17.325,0.3524,3.6089,2949.9016,1.4634
25,7,16.7155,0.3462,3.7363,2949.498,1.4661
25,7,16.4844,0.3435,3.7237,2949.9606,1.4613
25,7,16.7376,0.3367,3.5816,2949.8057,1.4649
25,7,16.2578,0.3432,3.7221,2949.6509,1.4586
25,7,16.3132,0.346,3.6082,2947.8722,1.458
25,7,17.5775,0.3506,3.608,2949.0707,1.4628
25,7,17.5995,0.3415,3.6969,2949.5432,1.4547
25,7,17.005,0.3562,3.5889,2950.1113,1.4583
25,7,16.2005,0.3572,3.7599,2948.5416,1.4656
25,7,16.4737,0.3583,3.7933,2949.6991,1.4594
25,7,16.6584,0.3493,3.6097,2949.8208,1.4606
25,7,17.3889,0.343,3.7192,2949.6518,1.4587
25,7,16.1313,0.3544,3.7675,2949.2386,1.467
25,7,16.1744,0.348,3.6714,2948.6132,1.4601
25,7,16.371,0.3506,3.7482,2947.818,1.4664
25,7,17.1203,0.3524,3.6504,2948.593,1.4553
25,7,17.2493,0.3377,3.7033,2947.8253,1.4582
25,7,17.1182,0.353,3.7029,2950.5392,1.4591
25,7,16.811,0.3429,3.6376,2950.2992,1.465
25,7,16.792,0.3614,3.6819,2986.3811,1.4754
25,7,17.1935,0.362,3.6492,2994.9156,1.4792
25,7,16.4755,0.3617,3.6125,2989.5055,1.4756
25,7,17.3654,0.3615,3.6583,2959.5872,1.4965
25,7,16.5682,0.3608,3.5991,2975.4119,1.475
25,7,17.3741,0.3641,3.611,2978.9423,1.5017
25,7,17.0779,0.3617,3.593,2996.0709,1.5134
25,7,16.6662,0.3615,3.5962,2995.7856,1.5019
25,7,16.4186,0.3635,3.6744,2957.9305,1.5011
25,7,17.5381,0.3603,3.5941,2962.4503,1.4885
25,7,16.1797,0.365,3.5988,2976.5713,1.5009
25,7,16.4258,0.3602,3.6623,2973.1057,1.4877
25,7,16.8885,0.3616,3.6737,2949.7927,1.4973
25,7,16.97,0.3619,3.6116,2958.8619,1.509
25,7,16.9525,0.3641,3.6255,2962.3444,1.5023
25,7,17.1774,0.3638,3.6674,2949.7088,1.5171
25,7,16.8537,0.3644,3.6835,2979.8967,1.4821
25,7,16.8501,0.3617,3.6253,2965.5957,1.4679
25,7,16.3587,0.3661,3.5924,2975.8633,1.4883
25,7,16.3952,0.3618,3.6678,2958.3775,1.5113
25,7,16.1732,0.36,3.6552,3001.8462,1.4885
25,7,16.1293,0.3645,3.6867,3000.26,1.4936
25,7,16.2009,0.3552,3.5752,3000.5583,1.5129
25,7,16.1548,0.3632,3.64,2998.0286,1.5175
25,7,16.1247,0.3653,3.6769,2999.9875,1.5001
25,7,16.222,0.3617,3.6549,2999.274,1.4962
25,7,16.2116,0.354,3.6823,3000.6854,1.5172
25,7,16.1577,0.3635,3.5658,2998.4956,1.4943
25,7,16.1696,0.3626,3.621,2998.0539,1.5065
25,7,16.1638,0.36,3.6809,3000.1279,1.5169
25,7,16.101,0.3584,3.5382,2999.7213,1.4996
25,7,16.1165,0.3613,3.6435,3000.7277,1.5136
25,7,16.1445,0.3578,3.6586,3001.9228,1.5086
25,7,16.1048,0.3645,3.5947,2999.3489,1.5104
25,7,16.2063,0.3653,3.5667,2999.5325,1.5021
25,7,16.0989,0.3656,3.5858,3000.9866,1.4924
25,7,16.104,0.3594,3.6576,3000.8753,1.5054
25,7,16.0949,0.3552,3.5849,3001.9364,1.5009
25,7,16.1043,0.359,3.675,2999.7452,1.5145
25,7,16.1387,0.3596,3.5823,3000.2179,1.5008
25,7,16.6788,0.3421,3.7254,3001.0976,1.4651
25,7,17.558,0.3465,3.7618,3001.8836,1.4595
25,7,16.8498,0.3491,3.7297,3001.9229,1.4664
25,7,16.4975,0.3428,3.7419,3001.1574,1.4807
25,7,17.5314,0.3423,3.6687,3001.677,1.4571
25,7,17.6389,0.34,3.7509,3001.5339,1.4742
25,7,16.8623,0.3496,3.5572,3001.2873,1.4577
25,7,16.3916,0.3486,3.556,3001.5472,1.4684
25,7,16.6026,0.3535,3.6997,3001.6872,1.4874
25,7,16.819,0.3486,3.5644,3001.9783,1.4696
25,7,17.0863,0.3474,3.6836,3001.9944,1.459
25,7,16.6086,0.342,3.7648,3001.933,1.4804
25,7,17.0977,0.3428,3.609,3001.9542,1.4663
25,7,17.2533,0.3401,3.6687,3001.4988,1.4637
25,7,16.5505,0.3377,3.6057,3001.756,1.4766
25,7,16.4007,0.3375,3.6136,3001.6375,1.4862
25,7,16.6581,0.3525,3.6829,3001.1396,1.4723
25,7,16.6898,0.3443,3.7381,3001.0755,1.4585
25,7,16.8411,0.3531,3.5866,3001.0569,1.4616
25,7,16.9613,0.3393,3.624,3001.9885,1.4763
25,7,17.5367,0.3433,3.719,2951.4962,1.4638
25,7,17.2649,0.3414,3.6657,2986.2886,1.4622
25,7,16.4378,0.3421,3.6535,2995.9912,1.4635
25,7,17.6231,0.3391,3.59,2957.5083,1.4628
25,7,16.2415,0.3403,3.7338,2967.0599,1.4603
25,7,16.5463,0.3559,3.5606,2970.5812,1.4615
25,7,16.9176,0.3538,3.5433,3000.9581,1.4645
25,7,16.7795,0.3538,3.5468,2985.1011,1.4599
25,7,17.3036,0.3421,3.6769,2954.1635,1.4576
25,7,16.9633,0.3384,3.586,2977.601,1.4635
25,7,16.1889,0.3368,3.5723,2988.7904,1.4592
25,7,16.8282,0.3423,3.5903,2962.044,1.4591
25,7,16.8676,0.3516,3.6782,2992.2561,1.4619
25,7,17.3123,0.3509,3.6886,2970.8789,1.4542
25,7,16.9171,0.3496,3.5397,2966.1014,1.4631
25,7,16.7096,0.3405,3.5806,2998.8188,1.4601
25,7,16.625,0.3456,3.7533,2992.1687,1.4641
25,7,17.0606,0.3425,3.6132,2993.1492,1.4584
25,7,17.1037,0.356,3.5827,2963.0133,1.4561
25,7,16.1506,0.3541,3.5944,2955.0991,1.4617
25,7,16.1297,0.3653,3.5736,2978.5041,1.4799
25,7,16.0742,0.3626,3.594,2979.1042,1.4722
25,7,16.0723,0.3645,3.5787,2980.9543,1.4883
25,7,16.08,0.3604,3.5951,2970.5596,1.5096
25,7,16.1257,0.3659,3.5834,2960.3959,1.4756
25,7,16.115,0.3642,3.5975,2968.3316,1.4777
25,7,16.1102,0.3616,3.5771,2998.1674,1.4722
25,7,16.0876,0.3645,3.5539,2951.6879,1.5069
25,7,16.1232,0.3629,3.6046,2986.35,1.5179
25,7,16.0849,0.3653,3.6015,2996.2549,1.4899
25,7,16.1252,0.362,3.5805,2997.2512,1.4739
25,7,16.0893,0.3634,3.5384,2963.0227,1.4798
25,7,16.0998,0.3615,3.5733,2992.3991,1.5118
25,7,16.0811,0.3608,3.5936,2968.8019,1.4705
25,7,16.0853,0.3615,3.6048,3007.3149,1.4702
25,7,16.0729,0.3622,3.541,2980.3472,1.4805
25,7,16.0738,0.3642,3.5742,2963.5477,1.4902
25,7,16.1103,0.3603,3.5356,2954.3048,1.502
25,7,16.0864,0.3642,3.5499,2997.6535,1.4806
25,7,16.1192,0.3616,3.5637,3005.3916,1.503
25,7,16.0869,0.3557,3.7455,3028.4732,1.5016
25,7,16.5614,0.3595,3.7297,3026.018,1.5174
25,7,16.3991,0.3605,3.792,3034.0711,1.5136
25,7,16.3857,0.3643,3.6838,3042.2742,1.5007
25,7,16.6682,0.363,3.6353,3031.558,1.503
25,7,16.4721,0.3613,3.7719,3013.2871,1.488
25,7,16.4773,0.3543,3.7575,3036.6262,1.4886
25,7,16.6381,0.3598,3.7687,3030.8768,1.4952
25,7,16.6022,0.3646,3.7639,3026.8155,1.5115
25,7,16.4501,0.3549,3.7925,3019.484,1.496
25,7,16.1883,0.3605,3.6721,3027.1016,1.4982
25,7,16.2262,0.3551,3.6578,3035.7858,1.4996
25,7,16.6561,0.3626,3.6474,3022.9245,1.4924
25,7,16.0857,0.3566,3.6168,3040.6033,1.5018
25,7,16.3924,0.3654,3.6614,3032.6514,1.4909
25,7,16.1783,0.3635,3.6614,3028.627,1.5182
25,7,16.7174,0.3566,3.7802,3030.4086,1.5007
25,7,16.5405,0.3576,3.7012,3030.7773,1.5101
25,7,16.3994,0.355,3.7952,3032.245,1.4958
25,7,16.3799,0.3587,3.6179,3016.0836,1.5121
25,7,16.739,0.3539,3.5634,3042.8678,1.4879
25,7,16.8167,0.3538,3.6725,3041.3881,1.4879
25,7,16.7368,0.3538,3.7549,3043.1102,1.4879
25,7,16.7404,0.3538,3.6255,3042.7765,1.4879
25,7,16.7967,0.3538,3.7038,3041.5817,1.4879
25,7,16.7436,0.3538,3.769,3042.2199,1.4879
25,7,16.8337,0.3539,3.7025,3042.6673,1.4879
25,7,16.8336,0.3539,3.6223,3041.2472,1.4879
25,7,16.8217,0.3539,3.7566,3043.4341,1.4879
25,7,16.7502,0.3539,3.6048,3041.5929,1.4879
25,7,16.8139,0.3539,3.6658,3042.9575,1.4879
25,7,16.7963,0.3538,3.6728,3041.3631,1.4879
25,7,16.853,0.3539,3.6462,3042.7254,1.4879
25,7,16.8126,0.3538,3.628,3041.2112,1.4879
25,7,16.8315,0.3539,3.7259,3042.6365,1.4879
25,7,16.7882,0.3539,3.6661,3041.207,1.4879
25,7,16.7855,0.3539,3.5705,3042.6378,1.4879
25,7,16.8346,0.3539,3.6144,3043.055,1.4879
25,7,16.7419,0.3538,3.6605,3042.0352,1.4879
25,7,16.7482,0.3539,3.5972,3043.0144,1.4879
25,7,16.7373,0.3537,3.542,3041.8137,1.4879
25,7,16.5879,0.3538,3.5709,3041.626,1.4879
25,7,16.2854,0.3538,3.5926,3041.379,1.4879
25,7,16.3047,0.3537,3.6049,3041.9767,1.4879
25,7,16.8149,0.3537,3.5422,3042.6319,1.4879
25,7,16.5822,0.3537,3.5581,3043.0084,1.4879
25,7,16.4946,0.3537,3.5442,3042.2499,1.4879
25,7,16.5702,0.3537,3.5735,3041.1356,1.4879
25,7,16.4053,0.3537,3.5941,3043.2933,1.4879
25,7,16.4251,0.3537,3.5867,3041.9701,1.4879
25,7,16.6559,0.3538,3.5831,3042.1168,1.4879
25,7,16.56,0.3537,3.5492,3041.537,1.4879
25,7,16.8458,0.3538,3.5676,3042.8453,1.4879
25,7,16.1806,0.3538,3.6093,3042.3911,1.4879
25,7,16.7416,0.3537,3.5449,3043.0199,1.4879
25,7,16.7834,0.3537,3.5783,3041.3757,1.4879
25,7,16.6006,0.3538,3.538,3041.6905,1.4879
25,7,16.7203,0.3537,3.5497,3042.3448,1.4879
25,7,16.5201,0.3537,3.5742,3042.02,1.4879
25,7,16.6232,0.3537,3.5676,3041.3403,1.4879
25,14,24.4377,0.9753,5.8905,3200.3284,1.6332
25,14,24.4553,0.9464,5.8905,3200.8462,1.5945
25,14,24.9428,0.9713,5.8905,3248.9193,1.5329
25,14,24.5578,0.968,5.8905,3212.9842,1.5527
25,14,24.8212,0.9679,5.8905,3196.1812,1.5806
25,14,24.7348,0.9575,5.8905,3217.0949,1.5528
25,14,24.6646,0.9548,5.8905,3251.0908,1.5908
25,14,24.4427,0.9452,5.8905,3208.29,1.5765
25,14,24.7377,0.9573,5.8905,3194.2884,1.5321
25,14,24.4201,0.9466,5.8905,3232.8626,1.5607
25,14,24.803,0.9517,5.8905,3209.5242,1.5896
25,14,24.5785,0.9547,5.8905,3226.821,1.5734
25,14,24.598,0.9737,5.8905,3238.0274,1.626
25,14,24.6695,0.9482,5.8905,3203.7825,1.5431
25,14,24.5802,0.9643,5.8905,3248.7658,1.622
25,14,24.5979,0.9552,5.8905,3219.2278,1.6159
25,14,24.8723,0.9482,5.8905,3197.0328,1.5721
25,14,24.9005,0.9425,5.8905,3217.3543,1.5866
25,14,24.4111,0.9694,5.8905,3244.0571,1.5902
25,14,24.8763,0.9524,5.8905,3196.9111,1.6288
25,14,24.3067,0.9991,5.8905,3242.2086,1.5331
25,14,22.6237,0.9943,5.8905,3190.3774,1.5439
25,14,21.6027,0.9854,5.8905,3163.7337,1.5372
25,14,22.2799,1.0012,5.8905,3168.412,1.5323
25,14,23.8042,1.0035,5.8905,3161.1376,1.5381
25,14,23.2359,0.9943,5.8905,3213.8373,1.5433
25,14,22.9436,1.0012,5.8905,3243.7646,1.5434
25,14,21.285,0.9932,5.8905,3126.4975,1.5386
25,14,23.9126,1.0012,5.8905,3092.971,1.5384
25,14,21.6866,0.9775,5.8905,3140.2009,1.5351
25,14,22.3576,1.0022,5.8905,3111.0384,1.5448
25,14,23.2125,0.9798,5.8905,3206.3951,1.5339
25,14,23.8027,0.9809,5.8905,3237.229,1.5336
25,14,23.047,0.9985,5.8905,3172.4394,1.5361
25,14,22.8758,0.9825,5.8905,3188.9708,1.5436
25,14,24.0265,0.9988,5.8905,3201.6312,1.5357
25,14,22.5336,1.0028,5.8905,3225.7392,1.5399
25,14,23.6904,0.9827,5.8905,3141.9646,1.5355
25,14,23.1859,0.9985,5.8905,3188.7919,1.544
25,14,22.5543,0.995,5.8905,3191.3133,1.54
25,14,21.258,0.9904,6.1016,3361.9792,1.5523
25,14,21.2628,0.9762,6.3879,3244.3271,1.5859
25,14,21.3036,1.0009,6.4995,3282.7574,1.5499
25,14,21.2597,1.0004,6.3978,3100.3051,1.5515
25,14,21.3295,0.9857,6.3983,3096.9454,1.5735
25,14,21.3493,0.9832,6.1181,3166.2655,1.5569
25,14,21.3177,0.9949,6.5098,3384.692,1.5456
25,14,21.2695,0.9756,6.1188,3432.3201,1.5829
25,14,21.2995,1.0057,6.6448,3394.1008,1.5588
25,14,21.24,0.9963,6.2212,3072.1394,1.5853
25,14,21.3397,0.986,6.2415,3102.4342,1.5654
25,14,21.3364,1.0056,6.1695,3522.3285,1.5597
25,14,21.3287,1.0025,6.1075,3443.3042,1.589
25,14,21.2591,0.9992,6.6386,3455.7013,1.5811
25,14,21.3008,0.9793,6.1382,3163.4296,1.5582
25,14,21.2294,0.9776,6.0932,3519.0825,1.5839
25,14,21.2797,1.0066,5.9283,3233.7733,1.5592
25,14,21.2656,0.9989,6.1223,3359.9091,1.5876
25,14,21.2467,0.9873,5.9799,3457.1515,1.5862
25,14,21.2489,0.9753,6.4756,3246.0324,1.5671
25,14,21.9587,0.9421,6.5724,3257.6139,1.6143
25,14,21.4867,0.9542,6.3455,3281.8636,1.6396
25,14,22.2109,0.9432,6.3775,3398.9283,1.6094
25,14,22.0276,0.9624,6.5756,3133.8884,1.6373
25,14,22.3508,0.9672,6.4041,3311.1785,1.594
25,14,22.3564,0.9559,6.6383,3339.849,1.6087
25,14,22.2683,0.9561,6.3945,3151.8738,1.6263
25,14,21.3997,0.9655,6.4231,3353.939,1.6271
25,14,21.4502,0.9457,6.3285,3491.6967,1.5982
25,14,21.8103,0.9466,6.5318,3408.8845,1.6077
25,14,22.1137,0.9532,6.6112,3259.3468,1.6228
25,14,22.2912,0.9507,6.6055,3476.0476,1.6211
25,14,21.9367,0.9659,6.5032,3257.646,1.626
25,14,22.5289,0.9708,6.5438,3459.719,1.6234
25,14,22.3829,0.9698,6.5487,3170.3829,1.5916
25,14,22.7423,0.9525,6.6377,3233.1384,1.6045
25,14,22.1144,0.9636,6.4738,3173.1893,1.614
25,14,21.8183,0.9542,6.6583,3444.7432,1.6068
25,14,21.5031,0.9489,6.4738,3435.4491,1.5932
25,14,22.2287,0.9504,6.661,3083.5745,1.6064
25,14,23.0304,0.9671,6.1336,3175.4305,1.6267
25,14,22.9195,0.9435,6.0538,3454.366,1.6245
25,14,22.8157,0.9494,5.9157,3338.7587,1.5993
25,14,22.8705,0.9577,6.2765,3085.0422,1.558
25,14,22.8353,0.9728,6.1604,3441.485,1.5466
25,14,22.8751,0.9604,6.0244,3389.9631,1.5475
25,14,22.9247,0.9434,6.1531,3318.0849,1.6256
25,14,22.9519,0.9691,6.1497,3057.9589,1.5467
25,14,22.9301,0.9685,5.9746,3422.5422,1.5758
25,14,23.0606,0.9592,6.1937,3494.6186,1.5762
25,14,22.9491,0.9423,6.2585,3410.958,1.5408
25,14,23.0819,0.9755,5.9154,3207.0435,1.6339
25,14,22.9864,0.9499,6.2602,3393.3917,1.5639
25,14,23.0863,0.9729,6.2598,3510.3544,1.5862
25,14,22.8625,0.9571,6.0782,3142.2823,1.6005
25,14,22.9984,0.9436,5.9,3138.3229,1.5322
25,14,22.8776,0.9449,6.2646,3260.3852,1.5368
25,14,22.9971,0.9543,6.1055,3065.7672,1.5845
25,14,23.0043,0.9593,5.9721,3201.3658,1.5676
25,14,22.8086,0.9547,5.9555,3203.2688,1.6397
25,14,22.7973,0.9764,5.9977,3518.8295,1.5385
25,14,22.8337,0.9982,6.1331,3517.4453,1.539
25,14,22.3073,0.9868,6.421,3519.6358,1.536
25,14,22.0979,0.9963,6.1225,3517.6237,1.5433
25,14,22.6909,0.9815,6.2368,3521.9804,1.5329
25,14,22.1737,0.9953,6.0827,3518.1134,1.539
25,14,22.2984,0.9893,6.0528,3520.2839,1.5321
25,14,23.0915,0.997,6.1021,3515.3603,1.5407
25,14,22.3852,0.9818,6.2622,3516.533,1.5391
25,14,22.6407,1.0034,6.152,3520.1703,1.5379
25,14,22.013,0.9812,6.2806,3520.3217,1.5423
25,14,23.0981,0.9793,6.1737,3522.138,1.5341
25,14,22.5509,0.9995,6.1176,3514.5226,1.534
25,14,22.5961,1.0036,6.1112,3521.0225,1.5427
25,14,22.5528,0.9839,6.454,3519.1496,1.5449
25,14,22.1859,0.9945,5.9862,3517.1654,1.5357
25,14,22.717,0.9786,6.1721,3520.9971,1.5406
25,14,22.1686,0.9844,6.4596,3516.3982,1.5426
25,14,22.5404,1.0021,6.4369,3514.784,1.5428
25,14,23.0571,0.9972,5.8984,3518.9649,1.536
25,14,21.9023,0.9912,6.46,3462.0677,1.5485
25,14,21.8682,0.9954,6.0504,3502.3892,1.5725
25,14,21.8837,1.0,6.4279,3490.8692,1.5512
25,14,21.9038,0.9995,5.6387,3476.8112,1.581
25,14,21.892,0.9824,5.672,3444.1636,1.5884
25,14,21.8754,0.9942,6.0082,3447.8641,1.585
25,14,21.9013,0.9805,5.839,3458.3581,1.5533
25,14,21.8672,0.99,6.2285,3506.1198,1.5859
25,14,21.8981,1.0035,5.8159,3478.4618,1.5512
25,14,21.856,1.0053,6.2182,3504.1557,1.5471
25,14,21.8965,0.9768,5.6358,3467.456,1.5749
25,14,21.8655,0.9872,6.0507,3453.0754,1.5508
25,14,21.9015,0.9751,5.5968,3481.9081,1.5549
25,14,21.8954,0.9916,5.5798,3483.8475,1.5743
25,14,21.9076,0.9754,5.601,3513.9687,1.5594
25,14,21.8773,0.9885,5.9708,3455.3213,1.5674
25,14,21.8706,0.9994,5.8655,3467.992,1.5688
25,14,21.8792,1.0031,6.3724,3516.3885,1.5655
25,14,21.8867,1.0026,6.4656,3505.5939,1.5681
25,14,21.8731,0.9831,5.9952,3463.7349,1.5705
25,14,23.9937,0.9749,5.816,3454.3442,1.5894
25,14,24.0976,0.9749,6.2808,3463.5852,1.5894
25,14,23.9546,0.9749,6.2832,3505.2857,1.5894
25,14,24.9783,0.9749,5.7309,3498.559,1.5894
25,14,22.5422,0.9749,5.8973,3477.3818,1.5894
25,14,24.1978,0.9749,6.1614,3447.2118,1.5894
25,14,22.6325,0.9749,5.951,3476.1678,1.5894
25,14,22.2459,0.9749,5.9015,3486.0564,1.5894
25,14,23.8604,0.9749,5.5185,3477.5107,1.5894
25,14,23.3403,0.9749,5.5081,3501.4896,1.5894
25,14,23.3687,0.9749,6.027,3445.5497,1.5894
25,14,24.0411,0.9749,6.1686,3463.7971,1.5894
25,14,24.3996,0.9749,6.171,3442.5883,1.5894
25,14,23.0097,0.9749,6.0923,3501.5825,1.5894
25,14,24.0414,0.9749,5.6794,3508.2284,1.5894
25,14,23.2279,0.9749,5.9091,3510.1825,1.5894
25,14,24.6367,0.9749,5.9032,3464.6728,1.5894
25,14,24.6069,0.9749,5.9883,3498.5593,1.5894
25,14,22.6994,0.9749,5.8942,3488.2609,1.5894
25,14,23.8807,0.9749,5.7448,3488.7772,1.5894
25,14,23.8148,0.974,6.2832,3488.6485,1.5894
25,14,23.9106,0.9747,6.2832,3345.3232,1.5894
25,14,23.1502,0.9749,6.2832,3360.6261,1.5894
25,14,24.5481,0.9749,6.2832,3469.4793,1.5894
25,14,24.425,0.9749,6.2832,3486.6224,1.5894
25,14,24.8843,0.9742,6.2832,3364.8113,1.5894
25,14,22.9888,0.9744,6.2832,3344.7604,1.5894
25,14,23.6685,0.9739,6.2832,3387.9679,1.5894
25,14,24.0522,0.9745,6.2832,3448.8325,1.5894
25,14,23.6829,0.974,6.2832,3351.1902,1.5894
25,14,23.9015,0.9742,6.2832,3407.3864,1.5894
25,14,23.6645,0.9739,6.2832,3473.701,1.5894
25,14,23.9034,0.9744,6.2832,3467.7339,1.5894
25,14,23.4941,0.9745,6.2832,3506.7152,1.5894
25,14,23.9528,0.9744,6.2832,3445.4839,1.5894
25,14,22.8643,0.9744,6.2832,3390.9764,1.5894
25,14,24.6546,0.9744,6.2832,3376.9723,1.5894
25,14,24.9153,0.9739,6.2832,3498.8762,1.5894
25,14,24.9063,0.974,6.2832,3482.7565,1.5894
25,14,25.0128,0.9746,6.2832,3353.3069,1.5894
25,28,24.894,1.1483,6.2282,3421.4733,2.1482
25,28,24.8991,1.1394,6.2217,3419.6426,2.0612
25,28,24.8896,1.1756,5.9446,3255.5187,2.1456
25,28,24.9353,1.1856,6.2056,3345.8588,2.0974
25,28,24.9197,1.1909,5.9059,3399.3783,2.072
25,28,24.9362,1.1464,6.1402,3382.2483,2.1622
25,28,24.9547,1.1606,6.2814,3241.2466,2.1469
25,28,24.9593,1.1659,5.9472,3311.0466,2.0742
25,28,24.8696,1.1435,5.9503,3430.411,2.1679
25,28,24.8635,1.1815,6.0709,3344.4392,2.0984
25,28,24.9275,1.1757,6.0964,3277.7637,2.1285
25,28,24.8583,1.1475,6.2498,3440.1634,2.1248
25,28,24.9079,1.1655,6.1341,3263.6054,2.1708
25,28,24.9085,1.1691,6.0776,3243.7978,2.1709
25,28,24.9465,1.1793,5.9019,3307.4762,2.1118
25,28,24.9033,1.1575,6.1109,3368.6031,2.1024
25,28,24.8928,1.1424,5.9643,3207.7252,2.0638
25,28,24.9247,1.1926,5.9313,3192.2811,2.1409
25,28,24.9327,1.1861,5.9572,3321.0217,2.0885
25,28,24.9073,1.1634,6.0908,3416.8604,2.1059
25,28,24.9624,1.1834,5.8905,3451.7973,2.0743
25,28,24.9624,1.1486,5.8905,3475.3725,2.1051
25,28,24.9624,1.1467,5.8905,3478.4539,2.104
25,28,24.9624,1.1336,5.8905,3451.2312,2.1363
25,28,24.9624,1.1334,5.8905,3459.5508,2.138
25,28,24.9624,1.1646,5.8905,3454.0211,2.1402
25,28,24.9624,1.1801,5.8905,3478.5079,2.0881
25,28,24.9624,1.1506,5.8905,3465.4483,2.1439
25,28,24.9624,1.1507,5.8905,3473.2027,2.1059
25,28,24.9624,1.1322,5.8905,3466.2145,2.1337
25,28,24.9624,1.1533,5.8905,3458.5764,2.1394
25,28,24.9624,1.1818,5.8905,3470.6197,2.1409
25,28,24.9624,1.1312,5.8905,3470.8762,2.1127
25,28,24.9624,1.14,5.8905,3475.6647,2.105
25,28,24.9624,1.1797,5.8905,3471.0301,2.1574
25,28,24.9624,1.1305,5.8905,3473.0285,2.1666
25,28,24.9624,1.1578,5.8905,3453.8724,2.0758
25,28,24.9624,1.1797,5.8905,3482.696,2.1485
25,28,24.9624,1.1839,5.8905,3471.8241,2.087
25,28,24.9624,1.1602,5.8905,3456.4786,2.091
25,28,24.7654,1.1748,5.5564,3457.7371,2.0641
25,28,24.8594,1.1796,5.7156,3363.4858,2.1077
25,28,24.7496,1.1759,5.6104,3393.9329,2.084
25,28,24.8687,1.1842,5.5416,3425.9739,2.0989
25,28,24.7781,1.1879,5.6426,3403.6611,2.0726
25,28,24.8673,1.1774,5.503,3456.5257,2.0681
25,28,24.7686,1.1765,5.8222,3366.0228,2.1112
25,28,24.7814,1.1827,5.6438,3452.4067,2.0932
25,28,24.872,1.1836,5.6216,3361.7101,2.0685
25,28,24.9107,1.1889,5.8247,3380.2789,2.0919
25,28,24.773,1.1831,5.832,3412.0863,2.0622
25,28,24.7349,1.1833,5.8346,3388.5402,2.0571
25,28,24.8839,1.1848,5.8541,3449.6158,2.0668
25,28,24.8015,1.1734,5.5303,3453.524,2.0683
25,28,24.8573,1.178,5.5554,3474.6483,2.0945
25,28,24.7626,1.1822,5.7503,3406.2344,2.0677
25,28,24.7781,1.1786,5.8543,3403.3629,2.0963
25,28,24.9223,1.1791,5.76,3449.2975,2.0958
25,28,24.7558,1.1722,5.864,3435.3259,2.073
25,28,24.7251,1.1761,5.8559,3409.392,2.0898
25,28,26.1564,1.1892,5.4978,3327.3121,2.0801
25,28,27.1871,1.1931,5.4978,3219.2234,2.0794
25,28,26.3615,1.1721,5.4978,3225.33,2.0886
25,28,25.154,1.1856,5.4978,3207.8791,2.1157
25,28,25.2797,1.1953,5.4978,3182.5772,2.0738
25,28,25.8569,1.1847,5.4978,3307.4836,2.0724
25,28,26.8093,1.1734,5.4978,3223.5122,2.0703
25,28,27.0235,1.1855,5.4978,3314.8579,2.0955
25,28,26.9243,1.1774,5.4978,3198.501,2.0972
25,28,25.6104,1.1825,5.4978,3297.4751,2.0985
25,28,26.2111,1.1742,5.4978,3238.7034,2.0773
25,28,24.9734,1.1749,5.4978,3263.7443,2.0955
25,28,25.034,1.1912,5.4978,3262.5346,2.1157
25,28,25.1025,1.178,5.4978,3160.7859,2.0913
25,28,26.6141,1.1839,5.4978,3081.0069,2.1015
25,28,26.1027,1.1845,5.4978,3321.5181,2.0982
25,28,25.2514,1.1723,5.4978,3076.9427,2.1145
25,28,26.1022,1.193,5.4978,3135.2102,2.0866
25,28,25.1341,1.183,5.4978,3263.4193,2.0957
25,28,24.8759,1.1955,5.4978,3333.8196,2.0603
25,28,27.943,1.1582,5.4528,3306.1918,2.1196
25,28,27.7952,1.1381,5.409,3018.4985,2.1597
25,28,27.9832,1.18,5.4571,3048.1718,2.1517
25,28,27.8645,1.1882,5.4768,3402.9954,2.0966
25,28,27.8065,1.1859,5.4809,3235.5068,2.0901
25,28,27.925,1.192,5.3028,3009.0556,2.0914
25,28,27.9574,1.1827,5.4112,3332.0616,2.1449
25,28,28.0134,1.1385,5.4479,3008.4401,2.17
25,28,27.5099,1.1449,5.3546,3401.4004,2.1323
25,28,27.9505,1.1342,5.422,3308.164,2.1558
25,28,27.8217,1.1906,5.3823,3202.5467,2.1562
25,28,28.0139,1.1913,5.3451,3055.5881,2.1229
25,28,27.7784,1.1312,5.3581,3307.0726,2.0886
25,28,27.7539,1.1614,5.3118,3419.2443,2.1025
25,28,27.9179,1.1438,5.3486,3037.9511,2.1214
25,28,27.6257,1.1755,5.4635,3376.3324,2.0653
25,28,27.7634,1.1881,5.3995,3093.2613,2.0978
25,28,27.9686,1.1638,5.4393,3344.8701,2.1503
25,28,27.8024,1.1685,5.3284,3321.303,2.1156
25,28,27.9402,1.1353,5.3676,3085.6066,2.0893
25,28,26.8902,1.1393,5.3014,3475.5912,2.1386
25,28,27.1235,1.142,5.3014,3480.2003,2.0754
25,28,27.642,1.1388,5.3014,3471.1974,2.1022
25,28,27.0006,1.1873,5.3014,3496.6293,2.1256
25,28,27.8915,1.1748,5.3014,3461.282,2.1592
25,28,27.0624,1.1421,5.3014,3489.2341,2.054
25,28,27.0089,1.1698,5.3014,3503.4425,2.1718
25,28,26.9038,1.1429,5.3014,3471.3399,2.1425
25,28,26.6577,1.1568,5.3014,3492.4924,2.0928
25,28,26.5178,1.1863,5.3014,3465.2862,2.0986
25,28,26.8437,1.1647,5.3014,3451.6831,2.1223
25,28,27.1304,1.1386,5.3014,3464.5184,2.0975
25,28,26.6003,1.1676,5.3014,3475.4734,2.1677
25,28,27.1325,1.1408,5.3014,3454.0626,2.1194
25,28,27.9931,1.1347,5.3014,3463.5203,2.1334
25,28,27.8344,1.1426,5.3014,3478.7985,2.0777
25,28,26.7006,1.1614,5.3014,3473.3118,2.0708
25,28,27.2789,1.1698,5.3014,3454.1913,2.0627
25,28,26.7279,1.1573,5.3014,3505.3174,2.1373
25,28,27.699,1.1427,5.3014,3500.3415,2.0652
25,28,26.6866,1.1859,5.1126,3440.4924,2.0597
25,28,26.7141,1.1738,5.1901,3415.224,2.0788
25,28,26.5021,1.1844,5.13,3389.5929,2.0969
25,28,26.7087,1.1854,5.1889,3397.5812,2.0634
25,28,26.6193,1.1737,5.2079,3404.9559,2.0578
25,28,26.5083,1.1877,5.185,3379.0221,2.0604
25,28,26.6644,1.1779,5.1174,3388.2346,2.0598
25,28,26.559,1.184,5.299,3443.7338,2.0789
25,28,26.5344,1.184,5.2463,3435.7792,2.1165
25,28,26.5636,1.175,5.2866,3396.0433,2.0899
25,28,26.5427,1.18,5.17,3447.5851,2.0716
25,28,26.5578,1.1783,5.1781,3396.3563,2.0963
25,28,26.5059,1.1746,5.2831,3399.0447,2.0932
25,28,26.716,1.1792,5.1701,3426.5781,2.1121
25,28,26.5907,1.1839,5.2802,3380.9036,2.0669
25,28,26.6817,1.1861,5.1771,3406.8353,2.0569
25,28,26.7373,1.1786,5.2677,3417.045,2.0985
25,28,26.6677,1.1851,5.2409,3392.3957,2.0638
25,28,26.6808,1.1723,5.2347,3418.3578,2.0965
25,28,26.6486,1.187,5.1348,3432.9198,2.058
25,28,26.591,1.1719,5.2352,3331.4056,2.1175
25,28,25.8388,1.172,5.5852,3299.1866,2.1175
25,28,25.0944,1.1719,5.4411,3294.4163,2.1175
25,28,25.0514,1.1719,5.4513,3348.4177,2.1175
25,28,26.2905,1.1719,5.497,3376.5329,2.1175
25,28,26.4174,1.172,5.2038,3289.0825,2.1175
25,28,25.6856,1.1719,5.3739,3302.7903,2.1175
25,28,25.531,1.1719,5.3171,3368.0187,2.1175
25,28,25.9893,1.1719,5.1743,3250.9152,2.1175
25,28,26.4225,1.1719,5.2616,3268.9472,2.1175
25,28,24.8995,1.1719,5.545,3371.403,2.1175
25,28,26.6769,1.1719,5.4639,3250.5035,2.1175
25,28,26.6284,1.1719,5.3022,3286.4636,2.1175
25,28,26.5538,1.1719,5.3115,3347.4748,2.1175
25,28,26.5037,1.1719,5.385,3310.3831,2.1175
25,28,25.5707,1.1719,5.3198,3251.5816,2.1175
25,28,25.6677,1.1719,5.5346,3248.9439,2.1175
25,28,26.7385,1.1719,5.3944,3275.544,2.1175
25,28,24.9339,1.1719,5.1393,3372.3206,2.1175
25,28,25.3496,1.1719,5.6844,3309.1919,2.1175
25,28,26.3717,1.1717,5.6656,3206.3558,2.1175
25,28,24.9283,1.1717,5.5393,3195.5437,2.1175
25,28,26.6341,1.1717,5.4032,3189.4533,2.1175
25,28,26.7924,1.1717,5.4213,3201.3213,2.1175
25,28,26.8994,1.1718,5.6895,3218.3893,2.1175
25,28,26.6309,1.1719,5.4803,3219.7654,2.1175
25,28,26.4738,1.1716,5.5374,3241.2105,2.1175
25,28,25.8913,1.1716,5.5728,3218.1412,2.1175
25,28,25.1727,1.1717,5.5034,3231.1332,2.1175
25,28,25.6457,1.1717,5.302,3191.097,2.1175
25,28,25.0793,1.1717,5.3189,3233.0785,2.1175
25,28,24.8587,1.1719,5.3737,3219.448,2.1175
25,28,26.8025,1.1718,5.3145,3227.3153,2.1175
25,28,25.4375,1.1716,5.5609,3243.6823,2.1175
25,28,25.4251,1.1719,5.3474,3205.9153,2.1175
25,28,25.5052,1.1716,5.5476,3229.4288,2.1175
25,28,25.7922,1.1719,5.6216,3200.6997,2.1175
25,28,26.1799,1.1718,5.5946,3242.4944,2.1175
25,28,24.8466,1.1718,5.4661,3234.1394,2.1175
25,28,26.5951,1.1718,5.51,3209.3594,2.1175
25,40,27.4028,1.3404,4.6068,3606.1075,2.2935
25,40,27.44,1.399,4.6432,3581.8153,2.3336
25,40,27.3762,1.354,4.6309,3409.4983,2.33
25,40,27.3886,1.3764,4.4591,3419.3502,2.3057
25,40,27.3392,1.3626,4.3769,3672.7606,2.2278
25,40,27.3547,1.3794,4.3802,3491.2494,2.2722
25,40,27.4159,1.3445,4.4616,3454.7936,2.2287
25,40,27.374,1.3451,4.5137,3451.4022,2.2606
25,40,27.4456,1.3652,4.5142,3450.9641,2.2246
25,40,27.3472,1.3982,4.4881,3669.4018,2.3249
25,40,27.457,1.3661,4.3538,3574.3644,2.2877
25,40,27.4004,1.3471,4.621,3663.8064,2.3332
25,40,27.4215,1.364,4.5186,3538.1912,2.325
25,40,27.4584,1.3867,4.6846,3676.6215,2.2759
25,40,27.3686,1.3799,4.5368,3724.9551,2.2219
25,40,27.3846,1.3968,4.4077,3561.6251,2.299
25,40,27.3909,1.3766,4.5895,3516.6695,2.2251
25,40,27.4287,1.3841,4.4303,3536.8435,2.2797
25,40,27.4355,1.384,4.6588,3525.7749,2.2915
25,40,27.345,1.3701,4.4288,3625.3469,2.3171
25,40,27.4604,1.3461,4.4602,3651.1864,2.2533
25,40,27.4625,1.3426,4.5082,3672.9205,2.3254
25,40,27.4591,1.4259,4.4313,3688.6804,2.2959
25,40,27.4643,1.3432,4.5203,3650.1822,2.2191
25,40,27.4622,1.3686,4.6237,3692.5513,2.2389
25,40,27.4604,1.4227,4.5507,3672.4444,2.2576
25,40,27.4608,1.3861,4.603,3721.0459,2.2527
25,40,27.4686,1.4362,4.5795,3662.9636,2.2354
25,40,27.466,1.3965,4.4406,3687.015,2.3028
25,40,27.4637,1.3831,4.4277,3698.1881,2.3063
25,40,27.4687,1.3798,4.4805,3704.0565,2.2983
25,40,27.4596,1.3427,4.6867,3729.1348,2.2331
25,40,27.4668,1.4148,4.6189,3660.7393,2.2804
25,40,27.4667,1.4152,4.6574,3738.7008,2.3211
25,40,27.4647,1.4176,4.3968,3671.8929,2.2809
25,40,27.4605,1.4118,4.3965,3747.5273,2.2153
25,40,27.4651,1.3644,4.4487,3740.2798,2.2612
25,40,27.4618,1.3368,4.5482,3735.1234,2.2308
25,40,27.4599,1.3743,4.571,3654.1951,2.2948
25,40,27.4608,1.4347,4.6678,3671.0612,2.3228
25,40,27.3244,1.4076,4.2847,3600.4361,2.2093
25,40,27.4581,1.4309,4.2455,3578.5217,2.2431
25,40,27.4303,1.4366,3.959,3598.8873,2.229
25,40,27.4609,1.4377,4.0153,3569.5193,2.2604
25,40,27.398,1.4422,3.9863,3574.6096,2.207
25,40,27.4675,1.4235,3.9284,3575.4661,2.2479
25,40,27.324,1.4321,4.0258,3630.7058,2.2276
25,40,27.4378,1.4339,4.2994,3591.7315,2.2042
25,40,27.4545,1.4386,4.3117,3641.6053,2.2685
25,40,27.4198,1.4217,4.0019,3570.0543,2.2172
25,40,27.3956,1.4084,4.0505,3587.3548,2.2457
25,40,27.4532,1.4258,3.957,3630.4937,2.2602
25,40,27.3081,1.4381,3.9893,3593.1695,2.2197
25,40,27.4158,1.4388,4.0921,3646.3521,2.2644
25,40,27.4214,1.3992,4.018,3577.6561,2.2666
25,40,27.4596,1.4279,3.9827,3646.5466,2.222
25,40,27.4213,1.4379,4.1648,3574.3877,2.2602
25,40,27.4621,1.4009,4.2726,3634.0604,2.228
25,40,27.3876,1.4045,4.1452,3586.0066,2.2138
25,40,27.3461,1.4081,4.2335,3615.647,2.2588
25,40,29.1709,1.3976,3.9741,3381.0677,2.2232
25,40,27.5728,1.397,3.9535,3259.1627,2.2261
25,40,27.5461,1.4001,4.1228,3363.6208,2.2519
25,40,29.6025,1.3955,4.0761,3541.1675,2.2627
25,40,29.9802,1.4005,3.9921,3495.9669,2.2445
25,40,28.8836,1.3998,4.242,3538.2535,2.258
25,40,27.6297,1.3989,3.9274,3555.2162,2.2681
25,40,29.746,1.3974,4.1278,3390.7024,2.2631
25,40,28.3058,1.4002,4.038,3276.1976,2.2666
25,40,28.1755,1.4009,4.0471,3300.3558,2.2602
25,40,29.5112,1.3945,4.1828,3422.9563,2.2415
25,40,27.3379,1.3998,4.1064,3530.5117,2.232
25,40,27.4504,1.3987,4.1718,3432.4472,2.2304
25,40,29.2797,1.3973,4.0795,3439.5929,2.2656
25,40,29.0894,1.3981,4.0363,3357.5146,2.2671
25,40,28.8609,1.3996,3.9846,3383.0004,2.2644
25,40,29.4622,1.3985,4.13,3499.5608,2.2487
25,40,29.3959,1.3996,4.1307,3365.9392,2.2569
25,40,29.6147,1.3947,4.1431,3458.9025,2.2427
25,40,28.1577,1.3969,4.111,3285.0333,2.2207
25,40,30.6495,1.3735,4.3197,3572.8028,2.2464
25,40,30.5731,1.3576,4.3197,3570.6415,2.2877
25,40,30.4831,1.3595,4.3197,3479.0881,2.245
25,40,30.2949,1.3432,4.3197,3478.4366,2.2567
25,40,30.6987,1.361,4.3197,3278.9128,2.2954
25,40,30.45,1.3608,4.3197,3394.5031,2.2231
25,40,30.6019,1.3437,4.3197,3545.3458,2.3341
25,40,30.6768,1.3509,4.3197,3363.9406,2.3239
25,40,30.3192,1.352,4.3197,3307.0857,2.3109
25,40,30.3322,1.3934,4.3197,3511.7705,2.2264
25,40,30.5691,1.3877,4.3197,3482.164,2.3268
25,40,30.533,1.3934,4.3197,3287.596,2.2825
25,40,30.7607,1.346,4.3197,3543.4645,2.2511
25,40,30.7093,1.3761,4.3197,3379.7309,2.2178
25,40,30.673,1.3713,4.3197,3641.1314,2.2661
25,40,30.2892,1.3962,4.3197,3582.5278,2.3353
25,40,30.3013,1.3994,4.3197,3477.8701,2.2965
25,40,30.3101,1.3382,4.3197,3419.1708,2.2818
25,40,30.7089,1.3907,4.3197,3593.7375,2.3082
25,40,30.7902,1.34,4.3197,3318.0922,2.2544
25,40,29.6825,1.3618,4.3197,3663.8924,2.2447
25,40,30.6021,1.344,4.3197,3672.574,2.2874
25,40,29.6175,1.41,4.3197,3673.3627,2.3257
25,40,30.6383,1.345,4.3197,3673.0128,2.2146
25,40,30.6264,1.3425,4.3197,3671.0417,2.3219
25,40,29.7542,1.4125,4.3197,3660.9173,2.2369
25,40,30.2741,1.3359,4.3197,3661.8695,2.2322
25,40,29.7324,1.353,4.3197,3668.2769,2.2889
25,40,29.5735,1.366,4.3197,3675.9733,2.3326
25,40,29.8501,1.3705,4.3197,3666.6466,2.3332
25,40,29.5887,1.4146,4.3197,3667.34,2.2908
25,40,30.4308,1.3988,4.3197,3677.8373,2.2406
25,40,29.5971,1.3926,4.3197,3668.1598,2.2168
25,40,29.2043,1.3995,4.3197,3672.9574,2.273
25,40,29.3771,1.3362,4.3197,3669.1072,2.328
25,40,30.6785,1.3746,4.3197,3673.833,2.2817
25,40,30.2114,1.3959,4.3197,3660.9545,2.2912
25,40,30.2068,1.3458,4.3197,3674.2147,2.2954
25,40,29.6803,1.3658,4.3197,3665.4527,2.2964
25,40,29.8255,1.4009,4.3197,3673.8561,2.2075
25,40,29.451,1.4459,4.3197,3554.0613,2.2442
25,40,29.293,1.4445,4.3197,3615.2264,2.2205
25,40,29.2325,1.426,4.3197,3590.631,2.2678
25,40,29.1878,1.4373,4.3197,3502.2335,2.2064
25,40,29.4445,1.4298,4.3197,3643.3786,2.2429
25,40,29.2324,1.4317,4.3197,3536.5438,2.2512
25,40,29.3008,1.4297,4.3197,3504.756,2.2693
25,40,29.362,1.415,4.3197,3640.4012,2.2732
25,40,29.2411,1.4174,4.3197,3548.8919,2.2159
25,40,29.3958,1.4039,4.3197,3559.0147,2.204
25,40,29.3368,1.4262,4.3197,3606.3361,2.2124
25,40,29.2122,1.406,4.3197,3557.7011,2.2153
25,40,29.4482,1.4113,4.3197,3559.0019,2.2439
25,40,29.193,1.4167,4.3197,3621.5674,2.2437
25,40,29.2655,1.4007,4.3197,3552.0488,2.257
25,40,29.2442,1.4234,4.3197,3614.9115,2.2115
25,40,29.3542,1.4155,4.3197,3511.4367,2.2555
25,40,29.1896,1.4051,4.3197,3546.1831,2.2412
25,40,29.3071,1.4173,4.3197,3583.4441,2.2364
25,40,29.1946,1.3936,4.3197,3593.6269,2.2455
25,40,29.2775,1.3928,4.3657,3461.7642,2.2741
25,40,27.7669,1.3929,4.3274,3484.861,2.2741
25,40,28.8746,1.3929,4.7411,3452.7579,2.2741
25,40,28.1734,1.393,4.8499,3475.4354,2.2741
25,40,27.3623,1.3929,4.6912,3466.0169,2.2741
25,40,28.5579,1.3929,4.4793,3483.841,2.2741
25,40,27.9684,1.3929,4.432,3480.7477,2.2741
25,40,27.8261,1.3927,4.8986,3473.7595,2.2741
25,40,28.5575,1.3927,4.5614,3492.354,2.2741
25,40,28.0567,1.3932,4.6856,3474.1183,2.2741
25,40,29.2832,1.3927,4.8649,3478.1019,2.2741
25,40,27.4313,1.3932,4.692,3462.6634,2.2741
25,40,29.1086,1.3928,4.4102,3452.0069,2.2741
25,40,28.9317,1.3931,4.4562,3477.9091,2.2741
25,40,27.7368,1.393,4.8726,3451.5299,2.2741
25,40,28.434,1.3931,4.6098,3474.9928,2.2741
25,40,27.8016,1.3929,4.6056,3489.3651,2.2741
25,40,28.6399,1.3931,4.6343,3474.5477,2.2741
25,40,28.9165,1.393,4.8487,3497.6036,2.2741
25,40,29.4462,1.3931,4.6043,3462.8302,2.2741
25,40,28.8604,1.3936,4.8944,3449.4566,2.2741
25,40,28.2891,1.3942,4.7585,3396.9749,2.2741
25,40,28.3411,1.3942,4.8139,3426.6568,2.2741
25,40,28.7117,1.3938,4.8756,3408.6469,2.2741
25,40,27.4216,1.3938,4.8511,3373.5952,2.2741
25,40,28.0225,1.3935,4.8548,3371.1306,2.2741
25,40,29.0934,1.3939,4.8514,3358.7645,2.2741
25,40,28.9146,1.394,4.7239,3398.5763,2.2741
25,40,27.5761,1.3941,4.8285,3424.6439,2.2741
25,40,27.5874,1.3937,4.8268,3448.7931,2.2741
25,40,27.4988,1.394,4.8173,3402.9273,2.2741
25,40,27.3007,1.3935,4.8473,3426.8102,2.2741
25,40,28.274,1.3933,4.7396,3409.1104,2.2741
25,40,28.8188,1.3934,4.7996,3448.8694,2.2741
25,40,28.9767,1.3941,4.8002,3392.7999,2.2741
25,40,28.5274,1.3941,4.893,3424.2642,2.2741
25,40,27.5374,1.3935,4.8395,3364.5845,2.2741
25,40,28.763,1.3934,4.8432,3369.3534,2.2741
25,40,27.5789,1.3939,4.7436,3409.7203,2.2741
25,40,27.5971,1.3937,4.8491,3429.4883,2.2741
25,7,17.6885,3.0281,4.5186,3392.7946,1.4281
25,7,17.6356,3.0255,4.574,3334.3115,1.357
25,7,17.0863,3.0241,4.396,3357.6499,1.4602
25,7,17.4402,3.0293,4.5064,3355.4572,1.3566
25,7,17.266,3.0396,4.3586,3375.3052,1.3777
25,7,17.4589,3.0145,4.6932,3321.4695,1.4362
25,7,17.3299,3.0142,4.464,3329.1598,1.4413
25,7,17.3441,3.0209,4.6562,3387.063,1.372
25,7,17.1392,3.0313,4.7042,3314.412,1.3548
25,7,17.2045,3.0217,4.4403,3355.8726,1.4848
25,7,16.9992,3.0101,4.6487,3390.9522,1.5585
25,7,17.7886,3.0111,4.3378,3358.476,1.4805
25,7,17.5526,3.024,4.6608,3311.1182,1.3797
25,7,17.7964,3.0188,4.4515,3346.5134,1.5205
25,7,17.1242,3.0122,4.438,3338.4798,1.4139
25,7,17.7863,3.0279,4.6713,3329.1112,1.4899
25,7,17.6758,3.0316,4.5237,3358.2388,1.4777
25,7,17.4859,3.0244,4.422,3367.2434,1.3326
25,7,17.3659,3.0097,4.6892,3303.6067,1.3964
25,7,17.2064,3.0174,4.6369,3312.1981,1.5387
25,7,16.8225,3.0368,4.6331,3315.0061,1.4837
25,7,17.5412,3.0268,3.9381,3397.5395,1.5254
25,7,17.7671,3.0346,4.6214,3370.0582,1.4928
25,7,16.8014,3.0298,4.301,3403.4546,1.5174
25,7,16.9334,3.0259,4.6313,3348.5972,1.541
25,7,16.873,3.0357,4.6447,3348.5929,1.5559
25,7,16.9734,3.0342,4.2745,3397.1954,1.4458
25,7,17.2797,3.04,3.9912,3396.7141,1.4923
25,7,17.3186,3.0347,4.6643,3355.3893,1.4884
25,7,16.7343,3.028,4.0216,3336.0464,1.528
25,7,17.4193,3.0343,4.3264,3338.7802,1.4552
25,7,16.7365,3.0254,4.4443,3355.2045,1.5093
25,7,16.7715,3.0315,4.0659,3318.4189,1.5324
25,7,16.6847,3.0383,3.9688,3306.5735,1.5557
25,7,17.1608,3.03,4.2023,3397.3007,1.5465
25,7,16.9822,3.0382,3.9444,3311.8759,1.5026
25,7,16.5492,3.0268,4.3152,3322.5215,1.4787
25,7,17.2455,3.0296,4.002,3373.6118,1.523
25,7,17.7729,3.0248,4.2847,3335.621,1.5593
25,7,16.6648,3.0371,4.0689,3394.0753,1.4846
25,7,16.797,3.0099,4.2694,3422.4452,1.4215
25,7,16.6591,3.0146,4.2495,3410.0209,1.3828
25,7,16.9798,3.0168,4.2336,3422.6441,1.3353
25,7,16.5938,3.0227,4.2738,3421.8451,1.389
25,7,16.8077,3.0226,3.9394,3425.7306,1.3421
25,7,16.784,3.0193,4.3127,3426.0232,1.3943
25,7,16.6752,3.01,4.2719,3414.8575,1.3398
25,7,16.5528,3.0087,4.1814,3417.6304,1.4002
25,7,16.4944,3.0146,4.2044,3411.5453,1.4282
25,7,16.6921,3.0176,4.2996,3410.7408,1.3935
25,7,16.5738,3.0138,4.0967,3418.9743,1.3981
25,7,16.8443,3.0145,4.2848,3411.535,1.3287
25,7,16.6668,3.0149,4.3131,3415.2484,1.3291
25,7,16.9021,3.0117,4.1002,3415.5044,1.4077
25,7,16.8485,3.0105,4.0251,3418.2882,1.3346
25,7,16.767,3.0094,4.1742,3421.4788,1.3501
25,7,16.5701,3.0108,4.162,3409.3362,1.334
25,7,16.96,3.0163,3.931,3422.686,1.3712
25,7,16.6143,3.0184,4.1377,3422.3492,1.4007
25,7,16.9436,3.0167,4.1309,3413.5706,1.3958
25,7,17.1629,3.0092,4.6818,3391.9922,1.4951
25,7,17.2844,3.0312,4.3887,3423.1449,1.4749
25,7,17.0523,3.0277,4.5541,3422.45,1.461
25,7,17.5008,3.0176,4.3221,3421.8824,1.5173
25,7,17.1278,3.0195,4.6374,3392.5057,1.3609
25,7,17.0178,3.0118,4.5498,3421.5628,1.389
25,7,17.5682,3.0381,4.4309,3423.0769,1.4143
25,7,17.2632,3.0359,4.4104,3413.7971,1.3508
25,7,17.5174,3.0264,4.3577,3396.3046,1.4998
25,7,17.2928,3.0228,4.5285,3391.6809,1.403
25,7,17.4904,3.0282,4.3737,3396.2115,1.4661
25,7,16.9988,3.0313,4.621,3424.353,1.5355
25,7,17.7203,3.0113,4.3379,3404.6036,1.3941
25,7,17.631,3.0316,4.3246,3419.9189,1.5003
25,7,17.5866,3.0188,4.6436,3405.4327,1.4382
25,7,17.6412,3.0201,4.6475,3392.8124,1.4238
25,7,17.2923,3.0141,4.3882,3412.3644,1.5204
25,7,17.4822,3.0292,4.6292,3392.3225,1.4494
25,7,17.4483,3.0248,4.4404,3399.7571,1.4382
25,7,17.4114,3.0127,4.6855,3425.0225,1.5282
25,7,17.6349,3.0287,4.3665,3385.8036,1.5455
25,7,17.6501,3.0254,4.6319,3364.6992,1.5462
25,7,17.5334,3.0367,4.5006,3380.585,1.5453
25,7,17.6621,3.0377,4.4257,3367.7239,1.4844
25,7,17.3308,3.0326,4.398,3364.2867,1.4463
25,7,17.2265,3.0386,4.3786,3375.2469,1.4919
25,7,17.7756,3.0372,4.5275,3376.2537,1.5119
25,7,17.4852,3.0348,4.373,3370.0016,1.5597
25,7,17.7428,3.0337,4.4633,3381.3888,1.4559
25,7,17.3322,3.0314,4.6257,3370.8761,1.4466
25,7,17.2247,3.0256,4.6574,3363.5333,1.4447
25,7,17.7544,3.036,4.6555,3366.5559,1.4528
25,7,17.2533,3.0305,4.4084,3369.0302,1.5395
25,7,17.7824,3.0326,4.5156,3369.7357,1.495
25,7,17.4001,3.0383,4.5825,3372.4822,1.5023
25,7,17.3427,3.0376,4.3862,3371.1825,1.4596
25,7,17.4861,3.037,4.4256,3378.9625,1.5176
25,7,17.2843,3.029,4.6986,3372.0291,1.455
25,7,17.2765,3.0257,4.3993,3387.8469,1.4888
25,7,17.4333,3.0285,4.4151,3383.8891,1.4704
25,14,19.3014,3.1381,6.2519,3395.9637,1.2874
25,14,19.3525,3.1381,6.4797,3408.5573,1.3158
25,14,19.3297,3.1381,6.8391,3393.5183,1.2944
25,14,19.2399,3.1381,6.2854,3394.6971,1.2557
25,14,19.2816,3.1381,6.8757,3407.5073,1.2913
25,14,19.6076,3.1381,6.6105,3398.8107,1.3156
25,14,19.8145,3.1381,6.8882,3410.1212,1.2318
25,14,19.44,3.1381,7.0065,3402.1322,1.309
25,14,19.4759,3.1381,6.253,3401.1228,1.241
25,14,19.8431,3.1381,6.9881,3403.9408,1.223
25,14,19.8183,3.1381,6.3959,3396.5627,1.2526
25,14,19.6462,3.1381,5.9497,3410.8887,1.2908
25,14,19.8456,3.1381,6.9404,3398.046,1.3091
25,14,19.7039,3.1381,6.4014,3410.2845,1.2605
25,14,19.4286,3.1381,6.913,3406.6725,1.2457
25,14,19.637,3.1381,6.9375,3410.1024,1.2921
25,14,19.3694,3.1381,6.1222,3400.1229,1.224
25,14,19.4023,3.1381,6.0136,3391.4666,1.2576
25,14,19.6484,3.1381,6.7268,3401.4725,1.2698
25,14,19.5509,3.1381,6.4023,3403.2429,1.3022
25,14,19.9302,3.1381,5.9139,3270.2937,1.2796
25,14,19.966,3.1381,6.2497,3239.1618,1.3075
25,14,19.9936,3.1381,6.9615,3234.657,1.2642
25,14,19.9624,3.1381,6.5898,3373.156,1.2838
25,14,19.9564,3.1381,6.5756,3288.4279,1.2806
25,14,19.9624,3.1381,6.9121,3388.4674,1.2969
25,14,19.9489,3.1381,6.8734,3236.8668,1.2997
25,14,19.8686,3.1381,6.0607,3342.6307,1.317
25,14,19.9879,3.1381,5.953,3249.3249,1.2932
25,14,20.0397,3.1381,6.9243,3210.8134,1.2708
25,14,19.9195,3.1381,6.3851,3199.6827,1.2807
25,14,20.035,3.1381,6.064,3399.0422,1.2607
25,14,19.918,3.1381,6.1562,3229.4606,1.2837
25,14,20.0191,3.1381,6.2527,3264.6196,1.2885
25,14,19.9382,3.1381,6.7897,3302.2501,1.3146
25,14,19.9305,3.1381,6.2599,3347.5953,1.2801
25,14,19.8939,3.1381,5.9145,3346.8446,1.2949
25,14,19.8766,3.1381,6.8684,3211.3852,1.3036
25,14,19.9109,3.1381,7.0589,3201.5264,1.2742
25,14,19.9891,3.1381,7.0442,3200.13,1.2673
25,14,21.0668,3.1381,6.296,3234.8939,1.2282
25,14,20.95,3.1381,6.3296,3205.0547,1.2339
25,14,20.0532,3.1381,6.6098,3207.385,1.2056
25,14,21.1459,3.1381,5.9554,3252.2839,1.2554
25,14,21.2496,3.1381,6.017,3210.861,1.2388
25,14,21.0511,3.1381,6.7166,3209.0825,1.2584
25,14,20.0963,3.1381,6.4624,3244.7773,1.2576
25,14,20.5362,3.1381,6.9833,3222.3449,1.2228
25,14,20.9638,3.1381,7.0542,3241.7415,1.2305
25,14,20.9968,3.1381,5.9966,3204.8037,1.2274
25,14,20.3344,3.1381,6.9447,3201.2873,1.2439
25,14,20.3931,3.1381,6.4248,3206.3812,1.2206
25,14,20.9228,3.1381,6.0028,3208.3708,1.2236
25,14,20.6664,3.1381,6.2352,3227.721,1.2188
25,14,20.8581,3.1381,6.2772,3211.196,1.2243
25,14,20.3504,3.1381,6.2061,3254.6397,1.234
25,14,20.2726,3.1381,6.0103,3198.231,1.2177
25,14,21.1281,3.1381,6.5091,3243.1021,1.2027
25,14,21.0458,3.1381,6.9994,3238.9176,1.229
25,14,21.2655,3.1381,6.7867,3240.2919,1.2147
25,14,21.311,3.1381,6.9176,3293.8759,1.3179
25,14,21.2832,3.1381,6.5131,3303.0516,1.2763
25,14,21.3143,3.1381,6.0384,3295.3306,1.2338
25,14,21.168,3.1381,5.892,3272.3092,1.2724
25,14,21.279,3.1381,6.0346,3306.8395,1.2763
25,14,21.0158,3.1381,7.0244,3282.5845,1.3084
25,14,21.3143,3.1381,6.2761,3279.461,1.2739
25,14,21.3349,3.1381,6.7261,3310.6683,1.3123
25,14,21.1427,3.1381,5.9485,3318.853,1.2317
25,14,21.0621,3.1381,6.5726,3299.435,1.225
25,14,21.2346,3.1381,6.095,3266.4893,1.2538
25,14,21.2844,3.1381,6.7888,3314.2455,1.3045
25,14,21.2245,3.1381,6.1855,3298.9111,1.2426
25,14,21.2727,3.1381,6.1663,3346.9975,1.2144
25,14,21.1603,3.1381,6.9234,3287.3407,1.2913
25,14,21.0119,3.1381,6.2114,3276.9299,1.3067
25,14,21.1158,3.1381,5.9599,3262.4736,1.2239
25,14,21.3134,3.1381,6.4662,3258.7292,1.2806
25,14,21.205,3.1381,6.0645,3270.868,1.2622
25,14,21.331,3.1381,6.9483,3276.216,1.3027
25,14,20.5512,3.1381,6.8362,3328.2934,1.3014
25,14,20.6103,3.1381,6.801,3302.4822,1.3011
25,14,20.1298,3.1381,7.0242,3339.1122,1.3059
25,14,20.2877,3.1381,6.5393,3318.359,1.3107
25,14,20.5645,3.1381,6.8051,3316.2081,1.2627
25,14,20.2174,3.1381,6.9742,3327.026,1.279
25,14,20.8601,3.1381,7.0362,3339.8086,1.2718
25,14,20.6457,3.1381,6.6249,3303.7696,1.2875
25,14,20.1895,3.1381,7.0623,3310.4398,1.2708
25,14,20.1978,3.1381,6.96,3311.3465,1.3035
25,14,20.371,3.1381,6.6776,3334.3733,1.2781
25,14,20.4518,3.1381,6.7928,3299.5174,1.269
25,14,20.6854,3.1381,6.6155,3312.7223,1.3138
25,14,20.1821,3.1381,6.9768,3336.4883,1.2623
25,14,20.8709,3.1381,6.6041,3337.3581,1.2778
25,14,20.3565,3.1381,6.9043,3314.4279,1.3144
25,14,20.4279,3.1381,6.748,3340.5612,1.2637
25,14,20.2694,3.1381,6.5341,3341.6159,1.2625
25,14,20.6387,3.1381,6.5962,3301.7694,1.2961
25,14,20.3402,3.1381,6.6721,3333.7553,1.2851
25,28,24.0058,3.7541,5.8905,3662.4613,1.9721
25,28,23.7177,3.753,5.8905,3660.874,1.8681
25,28,23.8468,3.7268,5.8905,3658.3307,1.9789
25,28,24.0867,3.7346,5.8905,3658.584,1.8828
25,28,23.8452,3.7551,5.8905,3662.439,1.9746
25,28,23.7222,3.7558,5.8905,3660.4285,1.9755
25,28,23.8846,3.7558,5.8905,3656.552,1.9288
25,28,23.7391,3.7489,5.8905,3657.2886,1.9304
25,28,23.9616,3.7494,5.8905,3661.1874,1.9089
25,28,23.7691,3.7318,5.8905,3660.2381,1.9871
25,28,23.8132,3.7307,5.8905,3658.2501,1.9557
25,28,23.9269,3.7484,5.8905,3662.9649,1.9965
25,28,24.0831,3.7476,5.8905,3659.9061,1.9934
25,28,23.7207,3.7412,5.8905,3662.3357,1.8703
25,28,24.0073,3.7358,5.8905,3659.3469,1.9094
25,28,23.9518,3.7542,5.8905,3660.2479,1.9318
25,28,24.0726,3.7371,5.8905,3656.0868,1.8686
25,28,23.5545,3.7528,5.8905,3658.3966,1.9563
25,28,23.737,3.7327,5.8905,3658.9585,1.9061
25,28,23.9088,3.7372,5.8905,3657.6591,1.8731
25,28,23.7118,3.7298,6.0305,3658.7958,1.9316
25,28,23.782,3.728,5.9381,3659.1813,1.9832
25,28,23.1217,3.7271,5.9914,3657.0816,1.9971
25,28,23.2406,3.7276,6.0448,3656.5843,1.9368
25,28,23.2872,3.7407,6.274,3658.9937,1.9501
25,28,23.1913,3.7407,6.021,3656.9728,1.9857
25,28,24.0331,3.7309,6.1093,3656.6838,1.9854
25,28,23.6193,3.7344,6.1928,3657.4546,1.9349
25,28,23.4785,3.7427,6.1068,3656.3511,1.9921
25,28,23.7675,3.733,6.0036,3656.0358,1.9927
25,28,23.1163,3.731,6.0801,3656.1482,1.9961
25,28,22.9224,3.7318,6.1518,3658.0087,1.9576
25,28,23.7117,3.7336,6.2641,3656.9119,1.9749
25,28,23.0943,3.7411,6.247,3657.8093,1.9609
25,28,23.9092,3.7285,6.2237,3658.1337,1.9696
25,28,22.9492,3.7283,6.1913,3656.6212,1.9536
25,28,23.908,3.7395,5.9427,3656.24,1.9534
25,28,23.2905,3.7408,6.1501,3659.325,1.9737
25,28,23.5955,3.7342,6.1245,3658.3788,1.9306
25,28,22.9903,3.7408,6.0599,3658.5548,1.9744
25,28,23.0394,3.7441,6.2832,3661.4898,1.8804
25,28,23.0306,3.7561,6.2832,3661.2323,1.9257
25,28,23.2725,3.7522,6.2832,3660.8527,1.867
25,28,22.9454,3.7458,6.2832,3659.7602,1.904
25,28,23.0055,3.7473,6.2832,3660.7812,1.8629
25,28,23.3265,3.7446,6.2832,3662.176,1.9103
25,28,22.7513,3.7446,6.2832,3660.1455,1.9221
25,28,23.3323,3.7556,6.2832,3661.3167,1.9077
25,28,22.843,3.7562,6.2832,3662.3536,1.9063
25,28,23.1414,3.7478,6.2832,3661.1744,1.8839
25,28,23.091,3.7567,6.2832,3660.735,1.8867
25,28,23.1464,3.754,6.2832,3662.2694,1.8789
25,28,22.9503,3.7528,6.2832,3659.855,1.9175
25,28,23.1122,3.7491,6.2832,3662.4422,1.9031
25,28,23.2313,3.7511,6.2832,3661.6825,1.8838
25,28,22.7369,3.7497,6.2832,3660.7359,1.8672
25,28,22.7773,3.7442,6.2832,3659.8076,1.8944
25,28,23.3335,3.7506,6.2832,3662.9661,1.879
25,28,23.1316,3.7514,6.2832,3659.7945,1.921
25,28,22.8693,3.759,6.2832,3662.3081,1.9235
25,28,23.6011,3.729,6.2832,3661.9023,1.9732
25,28,23.4254,3.7514,6.2832,3656.281,1.8701
25,28,23.5168,3.7529,6.2832,3657.3876,1.8863
25,28,23.5102,3.7318,6.2832,3662.1542,1.9688
25,28,23.5563,3.728,6.2832,3656.8707,1.9531
25,28,23.4443,3.7423,6.2832,3656.9292,1.9233
25,28,23.5665,3.7416,6.2832,3659.8075,1.9834
25,28,23.4252,3.7455,6.2832,3662.6975,1.9147
25,28,23.9012,3.727,6.2832,3661.951,1.9498
25,28,23.4081,3.755,6.2832,3656.0688,1.992
25,28,23.9299,3.7572,6.2832,3659.5569,1.8997
25,28,23.5983,3.7297,6.2832,3656.4867,1.9591
25,28,23.3788,3.7418,6.2832,3662.6183,1.9629
25,28,23.563,3.7368,6.2832,3660.8352,1.8834
25,28,23.8087,3.7518,6.2832,3656.8555,1.9372
25,28,23.8453,3.7399,6.2832,3662.7425,1.8659
25,28,23.6894,3.7505,6.2832,3656.2731,1.9533
25,28,23.7776,3.7521,6.2832,3659.4292,1.9513
25,28,23.9071,3.7501,6.2832,3656.6101,1.8762
25,28,23.3834,3.7421,6.2832,3658.9837,1.9828
25,28,23.8408,3.7335,6.1565,3658.5288,1.9859
25,28,23.9533,3.7302,6.137,3659.1627,1.9596
25,28,23.8881,3.729,6.1521,3658.7497,1.9954
25,28,23.6588,3.7423,6.1409,3658.0491,1.9406
25,28,23.6581,3.7413,6.1929,3658.7684,1.956
25,28,23.5899,3.7412,6.1345,3658.619,1.9693
25,28,23.719,3.7379,6.2767,3657.0998,1.9526
25,28,23.9426,3.7382,6.1698,3657.7575,1.9721
25,28,23.5703,3.736,6.1835,3658.5959,1.9276
25,28,23.6238,3.7302,6.2521,3657.8704,1.9482
25,28,23.8486,3.7268,6.1722,3658.4432,1.984
25,28,23.7359,3.7386,6.1436,3658.3692,1.9395
25,28,23.5432,3.736,6.2718,3658.6818,1.9765
25,28,23.6608,3.7336,6.1355,3658.2214,1.9611
25,28,23.6069,3.7309,6.185,3657.8865,1.9539
25,28,23.7842,3.7298,6.2337,3658.142,1.9975
25,28,23.7679,3.7422,6.195,3658.8011,1.9433
25,28,23.7285,3.7342,6.2697,3658.1513,1.9829
25,28,23.8559,3.7402,6.2445,3656.2066,1.9835
25,28,23.6462,3.7398,6.2286,3657.199,1.942
25,40,26.2592,3.8824,4.7124,3727.1999,2.0358
25,40,26.1464,3.9813,4.7124,3778.0669,2.1356
25,40,26.2227,4.0099,4.7124,3763.5911,2.1202
25,40,26.1963,3.9433,4.7124,3772.6406,2.1027
25,40,26.1546,3.9825,4.7124,3731.9068,2.1541
25,40,26.0231,4.0135,4.7124,3739.2328,2.1202
25,40,26.1245,3.9591,4.7124,3776.4517,2.1104
25,40,26.4173,3.9528,4.7124,3704.821,2.0629
25,40,25.9047,4.0327,4.7124,3779.9829,2.1253
25,40,26.2163,4.0247,4.7124,3732.2013,2.0534
25,40,26.2144,3.9215,4.7124,3733.032,2.0174
25,40,26.1377,3.8784,4.7124,3721.6916,2.0621
25,40,25.8958,3.9039,4.7124,3761.4931,2.1173
25,40,26.4354,3.88,4.7124,3759.6437,2.1649
25,40,26.4753,3.993,4.7124,3712.1787,2.0268
25,40,26.487,3.8666,4.7124,3742.8912,2.1338
25,40,26.0643,3.9724,4.7124,3758.2327,2.1011
25,40,26.0634,4.0148,4.7124,3728.0004,1.9918
25,40,25.9324,3.9755,4.7124,3726.59,2.143
25,40,25.981,3.9312,4.7124,3711.1192,2.1012
25,40,25.409,3.9628,4.8282,3699.9494,2.1417
25,40,25.3539,4.0152,5.0564,3699.4537,2.0961
25,40,25.047,3.9996,4.7724,3697.475,2.1068
25,40,25.4792,3.9746,5.0857,3698.291,2.1238
25,40,25.9379,3.9945,4.9269,3698.3174,2.0775
25,40,25.8506,4.0026,5.0427,3698.4354,2.1023
25,40,25.9585,3.9672,5.0385,3699.2264,2.1577
25,40,25.9776,3.9972,4.8661,3697.5449,2.0867
25,40,26.2343,4.0029,4.8157,3699.5641,2.1232
25,40,25.2554,3.9763,5.0162,3699.6023,2.0759
25,40,25.2555,3.9965,5.0396,3698.4734,2.1246
25,40,25.9788,3.9712,4.8182,3699.3863,2.1343
25,40,26.4415,3.9924,5.0059,3699.3591,2.1242
25,40,25.7091,3.9667,4.9544,3699.4549,2.1582
25,40,25.0121,3.9626,4.8721,3699.4974,2.105
25,40,26.3527,3.9952,4.9697,3699.9385,2.0995
25,40,25.2527,3.9916,4.8918,3697.2536,2.133
25,40,25.1815,3.9748,5.0066,3699.9895,2.1012
25,40,25.3109,3.9996,4.753,3698.0047,2.0896
25,40,25.3069,4.0141,4.7754,3699.2163,2.0855
25,40,25.2866,3.9053,5.1051,3707.9143,2.0519
25,40,25.4326,3.939,5.1051,3723.8284,2.0241
25,40,25.6566,3.9168,5.1051,3710.2903,2.014
25,40,25.3517,3.9169,5.1051,3722.5383,2.0108
25,40,25.0945,3.9068,5.1051,3715.2246,1.9859
25,40,25.1792,3.915,5.1051,3706.7562,2.0369
25,40,25.0507,3.9177,5.1051,3714.2986,2.0045
25,40,25.1348,3.8974,5.1051,3717.9978,2.0674
25,40,25.3509,3.9282,5.1051,3725.457,2.0213
25,40,25.4827,3.8736,5.1051,3708.9816,2.0669
25,40,25.511,3.8772,5.1051,3706.3198,2.0102
25,40,25.6046,3.9261,5.1051,3701.5752,1.9968
25,40,25.3433,3.9426,5.1051,3720.519,2.0
25,40,25.2819,3.8793,5.1051,3703.7127,2.0387
25,40,25.4944,3.8675,5.1051,3717.1107,2.0429
25,40,25.5356,3.9046,5.1051,3698.7484,2.0115
25,40,25.2101,3.947,5.1051,3707.682,2.0546
25,40,25.6039,3.9446,5.1051,3699.0277,2.0611
25,40,25.5706,3.9254,5.1051,3708.8893,2.0502
25,40,25.2781,3.9056,5.1051,3699.4395,2.0474
25,40,26.2156,3.8784,5.1051,3732.768,2.1436
25,40,25.9629,3.8897,5.1051,3737.2083,2.0194
25,40,25.8009,4.0199,5.1051,3732.1368,1.9877
25,40,26.0115,4.0208,5.1051,3733.0792,2.0038
25,40,26.1892,3.9914,5.1051,3735.0486,2.0246
25,40,25.945,3.9319,5.1051,3737.9768,2.1558
25,40,25.7929,3.9379,5.1051,3733.8714,2.053
25,40,25.9918,3.914,5.1051,3733.9123,2.1432
25,40,26.1133,3.9748,5.1051,3738.4877,1.9882
25,40,26.187,3.8664,5.1051,3739.1827,2.0345
25,40,25.8159,3.9586,5.1051,3738.0011,2.0528
25,40,25.9412,4.0195,5.1051,3740.1392,2.0482
25,40,25.8818,3.9553,5.1051,3734.3926,2.0043
25,40,26.0879,3.9762,5.1051,3735.2812,2.1056
25,40,26.0295,3.8895,5.1051,3739.8748,2.1001
25,40,25.9428,4.0074,5.1051,3733.7266,2.0872
25,40,26.3548,4.0103,5.1051,3738.4359,2.1086
25,40,25.7796,4.0214,5.1051,3732.706,2.0363
25,40,26.028,3.9941,5.1051,3736.5037,2.0084
25,40,26.1433,4.0196,5.1051,3736.0536,2.0407
25,40,25.9609,3.9503,5.4695,3735.8608,2.16
25,40,25.9164,3.9945,5.6632,3731.5369,2.1367
25,40,25.9689,4.0247,5.2438,3736.0836,2.1229
25,40,26.1228,3.9696,5.6781,3733.8289,2.1387
25,40,25.9115,4.0212,5.5356,3742.1502,2.0804
25,40,26.0656,4.0289,5.4901,3733.745,2.1667
25,40,26.2478,4.0043,5.6926,3734.847,2.0993
25,40,25.9932,3.9927,5.9774,3733.0083,2.0767
25,40,26.3258,4.0189,5.9684,3733.7885,2.106
25,40,26.0468,4.0121,5.9108,3730.436,2.0808
25,40,26.0833,4.0191,5.2584,3730.5706,2.1129
25,40,26.285,3.9665,5.7342,3738.3856,2.0974
25,40,26.1137,4.0323,5.2848,3741.5257,2.1083
25,40,26.012,4.0178,5.5783,3739.0301,2.1428
25,40,26.2669,3.9824,5.1502,3733.4009,2.1105
25,40,26.086,4.0337,5.9666,3739.919,2.1051
25,40,26.0656,3.979,5.6515,3731.0322,2.1517
25,40,26.1702,3.9976,6.0468,3730.6456,2.1377
25,40,26.0402,4.0334,5.8523,3731.7078,2.0781
25,40,26.0862,4.0028,5.5067,3737.2427,2.157
35,60,35.1881,5.2459,7.1435,3162.3671,2.2562
35,60,34.9722,5.3285,7.0981,3187.7828,2.2514
35,60,35.2599,5.3292,7.1142,3170.5714,2.2563
35,60,34.8647,5.4177,7.0871,3188.3139,2.259
35,60,34.8221,5.3588,7.1313,3143.8871,2.2611
35,60,34.7868,5.3283,7.1133,3152.0882,2.2536
35,60,34.7504,5.2607,7.1338,3151.8485,2.2522
35,60,35.0003,5.3512,7.1409,3142.0332,2.2519
35,60,35.1215,5.288,7.1342,3187.8703,2.2626
35,60,35.2101,5.4081,7.0735,3191.9374,2.2624
35,60,34.9989,5.2135,7.141,3170.5277,2.252
35,60,34.9586,5.3014,7.1104,3177.9118,2.2563
35,60,34.8667,5.4087,7.1093,3152.6498,2.2574
35,60,35.2193,5.2736,7.1088,3168.6012,2.2561
35,60,34.9192,5.2888,7.1187,3155.6428,2.2514
35,60,34.9942,5.2943,7.1401,3146.6054,2.2538
35,60,35.1736,5.3095,7.0965,3151.8731,2.2524
35,60,34.7755,5.2448,7.0707,3185.6026,2.2573
35,60,34.9561,5.363,7.084,3181.0328,2.2606
35,60,35.0338,5.3702,7.0792,3156.4832,2.2588
35,60,35.6793,5.3424,6.9439,3156.8582,2.2429
35,60,35.3952,5.3819,6.3148,3142.0964,2.2468
35,60,35.1926,5.4122,6.5117,3175.2472,2.2272
35,60,35.5778,5.3731,6.4843,3144.8771,2.2321
35,60,35.2727,5.342,6.3651,3174.1885,2.2444
35,60,35.2939,5.3632,6.353,3161.3607,2.2365
35,60,35.4192,5.3511,6.8435,3169.0505,2.2263
35,60,35.1084,5.3478,6.4995,3168.6651,2.2329
35,60,34.9814,5.3892,6.3181,3164.3571,2.2226
35,60,35.3187,5.4221,6.5685,3182.2575,2.2276
35,60,35.6048,5.4232,6.5183,3155.8497,2.2258
35,60,35.1477,5.39,6.8066,3177.7797,2.2284
35,60,34.8555,5.3522,6.7332,3144.5878,2.2247
35,60,35.1846,5.4036,6.6345,3153.5088,2.2319
35,60,35.0419,5.3782,6.8807,3147.5786,2.232
35,60,35.1424,5.3272,6.7619,3165.4474,2.251
35,60,35.5715,5.4042,6.4798,3165.9093,2.2336
35,60,35.1446,5.3484,6.2654,3161.2465,2.2244
35,60,35.1312,5.3832,6.2442,3142.123,2.2371
35,60,35.1017,5.3852,6.7044,3153.8583,2.2406
35,60,35.6676,5.3898,6.2828,3136.4132,2.2217
35,60,35.6083,5.3612,6.273,3175.4084,2.2391
35,60,35.6941,5.3326,6.2409,3169.1965,2.2294
35,60,35.5246,5.3817,6.2495,3175.4987,2.2391
35,60,35.6097,5.3703,6.2001,3179.8299,2.2312
35,60,35.5898,5.3704,6.2717,3165.2109,2.2296
35,60,35.5268,5.4109,6.2115,3171.2421,2.2202
35,60,35.678,5.3769,6.2625,3163.9028,2.2256
35,60,35.4921,5.3651,6.2822,3142.7135,2.237
35,60,35.3876,5.3236,6.2574,3157.1425,2.2243
35,60,35.6165,5.4246,6.2038,3145.1028,2.2337
35,60,35.3487,5.3734,6.2498,3174.4264,2.2348
35,60,35.7003,5.3842,6.2821,3151.5201,2.222
35,60,35.5422,5.3925,6.2252,3173.8135,2.2358
35,60,35.7353,5.426,6.2188,3162.7951,2.2409
35,60,35.6278,5.3955,6.2144,3160.2065,2.2362
35,60,35.7364,5.4043,6.2374,3150.2622,2.2243
35,60,35.6434,5.3967,6.2165,3158.4204,2.2236
35,60,35.6665,5.4115,6.2243,3143.3551,2.2395
35,60,35.6044,5.4135,6.2332,3152.9773,2.2257
35,60,35.1692,5.3576,6.5798,3147.3735,2.2414
35,60,35.1843,5.3918,6.9834,3157.1576,2.2414
35,60,34.9918,5.3267,7.0431,3146.3615,2.2414
35,60,34.8654,5.3158,6.513,3157.1007,2.2414
35,60,34.8494,5.4111,6.3939,3137.4209,2.2414
35,60,35.1498,5.3797,7.0617,3145.8089,2.2414
35,60,35.0404,5.421,6.9039,3155.4264,2.2414
35,60,35.0851,5.4255,6.421,3149.3377,2.2414
35,60,35.0232,5.4112,6.3992,3148.697,2.2414
35,60,35.1315,5.3178,6.2889,3153.0168,2.2414
35,60,35.2137,5.4202,6.3956,3150.8078,2.2414
35,60,35.0598,5.3518,6.3367,3144.1872,2.2414
35,60,35.1696,5.3266,6.8772,3151.7267,2.2414
35,60,35.2314,5.3929,6.8044,3138.5511,2.2414
35,60,34.843,5.3914,6.3501,3154.1771,2.2414
35,60,35.0622,5.356,6.5513,3154.3849,2.2414
35,60,34.8401,5.332,6.5496,3140.8234,2.2414
35,60,34.9234,5.3741,6.6765,3146.5672,2.2414
35,60,35.2393,5.3938,6.347,3153.4274,2.2414
35,60,34.9579,5.41,6.7091,3153.5207,2.2414
35,120,35.9024,5.5339,16.1007,3535.2197,2.3559
35,120,35.8986,5.696,16.1007,3529.6511,2.3545
35,120,35.893,5.6412,16.1007,3534.8858,2.3505
35,120,35.8725,5.6904,16.1007,3536.7849,2.3512
35,120,35.9064,5.7748,16.1007,3532.8021,2.3452
35,120,35.8731,5.5344,16.1007,3536.4826,2.3477
35,120,35.8819,5.3959,16.1007,3533.5629,2.3546
35,120,35.9137,5.4889,16.1007,3532.8093,2.3566
35,120,35.9116,5.7411,16.1007,3536.3918,2.3474
35,120,35.8838,5.6922,16.1007,3533.5867,2.3487
35,120,35.8786,5.3971,16.1007,3533.4665,2.3458
35,120,35.8964,5.5847,16.1007,3529.4545,2.3525
35,120,35.9148,5.56,16.1007,3535.5771,2.3544
35,120,35.9148,5.5919,16.1007,3532.2864,2.3482
35,120,35.8954,5.5458,16.1007,3531.4918,2.3525
35,120,35.8795,5.6246,16.1007,3534.291,2.3508
35,120,35.9114,5.6107,16.1007,3534.1491,2.3557
35,120,35.8862,5.581,16.1007,3533.3246,2.3452
35,120,35.9145,5.7816,16.1007,3530.0715,2.3504
35,120,35.8612,5.7929,16.1007,3533.3712,2.356
35,120,36.0746,5.6333,16.1007,3530.7703,2.3521
35,120,36.1279,5.7179,16.1007,3535.3389,2.3481
35,120,35.9723,5.6627,16.1007,3535.2721,2.3567
35,120,36.0178,5.6728,16.1007,3533.1773,2.3575
35,120,35.9747,5.7903,16.1007,3534.2274,2.3529
35,120,36.0136,5.7005,16.1007,3529.6983,2.3495
35,120,36.0373,5.77,16.1007,3530.7439,2.3585
35,120,36.0793,5.7078,16.1007,3534.7821,2.3542
35,120,35.9345,5.7559,16.1007,3531.9886,2.3473
35,120,36.0805,5.6488,16.1007,3530.4994,2.3481
35,120,35.9999,5.7323,16.1007,3533.9794,2.355
35,120,35.9903,5.7734,16.1007,3532.1817,2.3525
35,120,35.9908,5.6259,16.1007,3536.0769,2.3454
35,120,35.965,5.7149,16.1007,3529.2456,2.3525
35,120,36.1974,5.6041,16.1007,3532.2659,2.3582
35,120,36.1914,5.6683,16.1007,3532.0844,2.3546
35,120,36.1575,5.7881,16.1007,3533.4527,2.3581
35,120,36.1313,5.6697,16.1007,3535.951,2.3572
35,120,35.9713,5.6162,16.1007,3531.4548,2.3528
35,120,36.0247,5.6663,16.1007,3532.5292,2.3546
35,120,36.1337,5.6296,16.0825,3541.4525,2.3522
35,120,36.2095,5.7896,16.0715,3538.0045,2.3534
35,120,36.082,5.6823,16.0898,3542.2519,2.3574
35,120,35.9271,5.6194,16.0686,3537.3984,2.3575
35,120,35.9571,5.7343,16.065,3540.8726,2.356
35,120,35.9904,5.6184,16.0782,3539.5012,2.3525
35,120,36.0325,5.7273,16.0757,3539.0695,2.3585
35,120,36.0938,5.6395,16.0906,3541.1386,2.3568
35,120,36.0071,5.7923,16.099,3539.5213,2.3583
35,120,35.902,5.6366,16.0679,3537.4887,2.3535
35,120,35.9017,5.6721,16.0916,3538.6251,2.3522
35,120,35.977,5.7489,16.0757,3537.583,2.3528
35,120,35.9076,5.7641,16.0678,3538.8733,2.3542
35,120,35.9489,5.6478,16.0947,3539.4828,2.3566
35,120,36.1602,5.7696,16.0774,3538.8448,2.3517
35,120,36.006,5.6812,16.0711,3538.5528,2.3523
35,120,36.0696,5.7041,16.0765,3539.0768,2.3516
35,120,36.1728,5.6264,16.0881,3542.2254,2.3519
35,120,36.1502,5.6702,16.0817,3540.8435,2.3528
35,120,36.1299,5.6166,16.091,3539.2088,2.354
35,120,36.3871,5.6481,16.1062,3528.274,2.3511
35,120,36.1788,5.5924,16.1367,3539.5786,2.3511
35,120,36.4062,5.7203,16.0647,3527.0903,2.3511
35,120,36.0277,5.7624,16.0755,3531.5124,2.3511
35,120,35.814,5.6647,16.0971,3534.1985,2.3511
35,120,36.266,5.635,16.0962,3530.7411,2.3511
35,120,36.0472,5.6854,16.1419,3539.7612,2.3511
35,120,36.624,5.7843,16.0681,3539.2646,2.3511
35,120,36.5896,5.7769,16.1158,3533.1521,2.3511
35,120,36.1452,5.6224,16.1141,3526.3305,2.3511
35,120,35.8271,5.7553,16.1214,3529.1907,2.3511
35,120,36.3864,5.7926,16.1093,3537.7996,2.3511
35,120,36.5297,5.7186,16.1445,3541.2198,2.3511
35,120,36.6459,5.593,16.1441,3533.5866,2.3511
35,120,35.8548,5.7309,16.0776,3528.9334,2.3511
35,120,36.1951,5.752,16.1334,3542.1639,2.3511
35,120,36.3094,5.6677,16.0746,3531.9094,2.3511
35,120,36.3995,5.5914,16.1564,3530.9018,2.3511
35,120,36.4279,5.7601,16.1614,3534.7699,2.3511
35,120,36.3678,5.7768,16.1693,3540.689,2.3511
35,60,50.8225,5.9867,10.5774,4278.9487,3.4563
35,60,49.6733,5.962,9.2392,4239.4914,3.489
35,60,51.3204,5.9414,10.2276,4258.1608,3.4769
35,60,47.2997,5.9677,9.0796,4252.9457,3.5115
35,60,49.673,5.9821,9.7822,4250.3629,3.5912
35,60,48.3153,5.9417,9.996,4244.1954,3.5078
35,60,50.7748,5.9423,9.3426,4252.4814,3.5695
35,60,47.8887,5.9677,9.1972,4280.3492,3.5171
35,60,49.0288,5.8745,10.5089,4236.8196,3.4459
35,60,48.8062,5.9305,10.5993,4252.4041,3.5828
35,60,50.7695,5.8934,9.4456,4246.9598,3.4431
35,60,50.091,5.9692,9.867,4262.5187,3.4609
35,60,47.964,5.8741,10.2582,4265.0474,3.593
35,60,48.4649,5.876,9.5264,4241.1756,3.4691
35,60,47.6296,5.8862,9.0378,4262.5057,3.5572
35,60,50.0665,5.918,9.1499,4271.4969,3.5993
35,60,49.6111,5.9199,9.5695,4251.644,3.544
35,60,47.7926,5.953,9.4112,4272.5928,3.4983
35,60,47.6923,5.966,9.7713,4277.0193,3.5428
35,60,49.1809,5.8648,10.0681,4240.8731,3.5179
35,60,44.0493,5.9098,9.0563,4238.25,3.607
35,60,46.9914,5.8664,9.3961,4260.3659,3.5596
35,60,51.2833,5.8843,9.4285,4281.5988,3.5861
35,60,51.1104,5.8601,9.1312,4236.4186,3.5102
35,60,44.901,5.8592,9.3917,4222.0158,3.5166
35,60,47.8246,5.9487,9.5163,4249.7301,3.4607
35,60,48.3927,5.8944,9.2043,4250.5243,3.4535
35,60,45.0285,5.9123,9.155,4218.5526,3.5195
35,60,48.5444,5.9259,9.4661,4246.1298,3.5955
35,60,47.1552,5.9364,9.6146,4235.3737,3.5137
35,60,45.6731,5.9794,9.4433,4269.8142,3.4906
35,60,44.3521,5.9547,9.0652,4273.4993,3.4793
35,60,48.8387,5.9665,9.5039,4253.2154,3.5972
35,60,46.1818,5.9019,9.5068,4222.0375,3.496
35,60,43.4977,5.9379,9.2717,4226.2703,3.5851
35,60,50.9276,5.8572,9.5079,4215.2735,3.5954
35,60,46.7034,5.9595,9.5728,4267.2764,3.4951
35,60,48.1344,5.9284,9.2999,4245.7239,3.4839
35,60,49.0003,5.984,9.418,4255.9439,3.527
35,60,49.3748,5.8823,9.1986,4267.9733,3.5393
35,60,49.3152,5.8928,9.6399,4250.7681,3.5363
35,60,51.1929,5.8847,10.2602,4261.9699,3.5917
35,60,44.7713,5.871,10.1253,4225.2735,3.536
35,60,49.493,5.8595,10.0321,4216.3618,3.5478
35,60,44.8446,5.8948,10.2167,4232.7107,3.5734
35,60,51.1703,5.9168,9.6752,4249.1207,3.4836
35,60,49.6607,5.8957,10.219,4251.8529,3.5805
35,60,46.6586,5.9225,10.1907,4246.3098,3.5758
35,60,49.0778,5.8963,10.0173,4248.8576,3.4877
35,60,47.2472,5.9112,10.1134,4224.8888,3.5139
35,60,49.7141,5.8713,9.8678,4258.4678,3.543
35,60,46.1208,5.9056,9.6522,4238.3511,3.5501
35,60,43.8713,5.912,9.8145,4231.0569,3.5685
35,60,47.9829,5.9127,9.858,4228.6425,3.5176
35,60,50.5177,5.9203,10.2091,4240.4165,3.4931
35,60,44.8284,5.9093,9.7594,4245.965,3.5514
35,60,46.7232,5.8904,9.8434,4228.7409,3.5099
35,60,49.239,5.9156,9.9905,4229.269,3.5359
35,60,43.6009,5.8741,9.8307,4213.3345,3.594
35,60,50.8047,5.9179,10.1258,4239.1708,3.5563
35,60,49.8292,5.9226,10.5872,4249.1979,3.4816
35,60,50.2052,5.9226,10.588,4237.8096,3.4816
35,60,50.8935,5.9226,10.597,4251.5809,3.4816
35,60,50.317,5.9226,10.5108,4245.3058,3.4816
35,60,50.2804,5.9226,10.4789,4256.784,3.4816
35,60,49.406,5.9226,10.4721,4254.2186,3.4816
35,60,49.6619,5.9226,10.4677,4260.6911,3.4816
35,60,49.4645,5.9226,10.4393,4250.7461,3.4816
35,60,49.9848,5.9226,10.3695,4237.3498,3.4816
35,60,50.4903,5.9226,10.4213,4249.3545,3.4816
35,60,49.5148,5.9226,10.4502,4245.4843,3.4816
35,60,50.3509,5.9226,10.5242,4248.8905,3.4816
35,60,50.8055,5.9226,10.3724,4245.4807,3.4816
35,60,50.5036,5.9226,10.3164,4238.3116,3.4816
35,60,49.9368,5.9226,10.4856,4249.7345,3.4816
35,60,50.2057,5.9226,10.4291,4261.4222,3.4816
35,60,49.8422,5.9226,10.4472,4237.8249,3.4816
35,60,49.4038,5.9226,10.5314,4241.9809,3.4816
35,60,49.4644,5.9226,10.571,4239.2525,3.4816
35,60,50.2488,5.9226,10.3757,4236.7593,3.4816
35,90,51.7357,8.0297,11.408,4389.6073,3.7503
35,90,49.8081,7.8794,11.679,4376.1467,3.7512
35,90,49.6622,7.4578,11.6537,4371.4282,3.7513
35,90,50.2369,7.6495,11.5706,4373.323,3.7519
35,90,50.8638,8.0058,11.6635,4391.2157,3.7513
35,90,50.7519,7.6139,11.5121,4398.6346,3.7506
35,90,51.5933,7.6197,11.4724,4373.2943,3.7513
35,90,50.7737,7.9695,11.6071,4375.2026,3.751
35,90,50.527,7.7447,11.5017,4398.0443,3.7519
35,90,50.7785,7.6462,11.6281,4377.231,3.7519
35,90,51.1643,7.5497,11.4925,4386.6499,3.7503
35,90,49.5832,7.6314,11.5055,4377.5413,3.7509
35,90,51.3654,7.7619,11.4363,4384.9711,3.7509
35,90,49.8692,7.6883,11.6573,4377.2627,3.7505
35,90,50.6326,7.9317,11.5025,4379.4992,3.7516
35,90,50.129,8.0309,11.4797,4377.3976,3.7509
35,90,50.3841,7.5208,11.685,4390.8027,3.752
35,90,51.0492,7.5068,11.5089,4384.8957,3.752
35,90,49.9307,7.4776,11.6665,4389.3451,3.7505
35,90,50.1788,8.0409,11.5119,4393.4688,3.7504
35,90,51.477,8.0653,11.594,4351.2503,3.7521
35,90,51.4824,7.7702,11.6704,4360.7663,3.7519
35,90,51.2558,7.7921,11.4471,4347.6221,3.7505
35,90,50.3042,7.9066,11.6589,4356.6274,3.7505
35,90,51.0078,7.8666,11.6125,4369.3689,3.7518
35,90,51.1232,7.9279,11.6824,4352.2956,3.7512
35,90,51.5096,7.9407,11.3932,4358.0191,3.7517
35,90,50.1519,7.8269,11.6898,4351.4767,3.7514
35,90,51.1172,7.9976,11.6354,4365.8633,3.7517
35,90,50.3658,7.8002,11.551,4361.8073,3.752
35,90,50.7598,7.9766,11.5773,4352.3524,3.7515
35,90,51.1703,8.0334,11.5623,4368.5417,3.7516
35,90,50.3096,8.0869,11.7004,4355.4221,3.7507
35,90,50.4684,7.8104,11.4949,4369.4687,3.7504
35,90,51.0184,7.8391,11.5944,4360.3725,3.7517
35,90,50.4183,7.9842,11.6397,4355.1632,3.7516
35,90,50.273,7.8884,11.4378,4367.7378,3.7515
35,90,51.0798,7.9732,11.4152,4352.2714,3.7507
35,90,51.243,7.9447,11.5446,4351.0067,3.752
35,90,50.7919,7.7778,11.5404,4350.5625,3.7511
35,90,52.5503,7.773,11.1577,4351.8349,3.7515
35,90,52.0068,7.8111,11.2275,4347.2284,3.7514
35,90,51.1245,7.9393,11.0659,4349.7194,3.7514
35,90,52.0962,7.913,11.1218,4348.9478,3.752
35,90,52.6919,8.0468,11.045,4349.7688,3.7511
35,90,51.5739,7.8213,11.0226,4351.9107,3.752
35,90,51.5666,7.887,11.0667,4349.6472,3.7518
35,90,50.9441,7.9705,11.0336,4352.0751,3.7516
35,90,50.2921,7.8754,11.2606,4347.1579,3.7513
35,90,50.5931,8.0702,11.3214,4347.5486,3.7519
35,90,50.3512,8.0029,11.3051,4345.3244,3.7521
35,90,51.3583,8.0342,11.1146,4352.8916,3.7511
35,90,50.1238,8.0634,11.1632,4347.047,3.7517
35,90,52.5857,7.928,11.3678,4348.1755,3.752
35,90,51.8456,7.826,11.2991,4348.9458,3.7512
35,90,50.1023,7.9,11.0476,4348.1507,3.7512
35,90,50.181,8.0018,11.2485,4353.2821,3.7513
35,90,50.6651,7.9307,11.1155,4349.5666,3.7512
35,90,51.3351,7.8526,11.1823,4346.126,3.7514
35,90,50.4444,8.0221,11.2702,4345.9447,3.7514
35,90,52.7964,8.0827,10.926,4367.4676,3.7511
35,90,51.1099,7.9237,10.9008,4362.3114,3.7511
35,90,51.9854,7.965,10.9221,4369.5998,3.7511
35,90,50.9847,7.8116,10.9234,4355.9266,3.7511
35,90,51.7917,7.9238,10.9047,4374.743,3.7511
35,90,51.7919,7.7903,10.9286,4373.2852,3.7511
35,90,52.7012,8.0824,10.9586,4371.8711,3.7511
35,90,52.7002,8.0831,10.8555,4361.0269,3.7511
35,90,52.6028,7.9948,10.8406,4371.7364,3.7511
35,90,51.4222,8.0404,10.934,4376.7333,3.7511
35,90,52.2508,7.8656,10.8585,4372.6693,3.7511
35,90,50.8417,7.8871,10.972,4372.959,3.7511
35,90,50.8045,7.8779,10.927,4379.6525,3.7511
35,90,50.5547,8.0071,10.9487,4379.4428,3.7511
35,90,51.669,7.8069,10.8579,4377.1366,3.7511
35,90,52.2995,7.9044,10.9421,4363.8097,3.7511
35,90,52.2857,7.808,10.9268,4366.5768,3.7511
35,90,51.5566,7.7927,10.9382,4360.2389,3.7511
35,90,51.0277,7.9481,10.9941,4367.949,3.7511
35,90,52.0008,8.0643,10.9719,4369.7001,3.7511
35,120,55.128,7.7196,13.6518,4326.1084,5.0074
35,120,55.3203,7.8324,14.0173,4319.8913,5.254
35,120,55.6205,7.7196,13.7713,4333.8837,5.1678
35,120,54.8044,7.749,13.9827,4330.1491,4.9147
35,120,55.4027,7.7418,13.4908,4322.2931,5.0222
35,120,55.2538,7.8187,13.9114,4321.1163,5.0463
35,120,55.0979,7.779,13.8869,4332.8362,5.267
35,120,55.5848,7.766,13.5511,4326.3372,5.1861
35,120,55.0544,7.7254,13.9219,4327.6401,5.0977
35,120,54.8232,7.7565,13.4794,4325.9709,5.1282
35,120,55.3139,7.8134,13.5505,4329.2242,4.9149
35,120,55.3038,7.7116,13.6211,4324.0238,5.1432
35,120,54.9841,7.8513,14.1004,4327.6517,4.8914
35,120,55.497,7.8425,13.6511,4318.9507,5.0987
35,120,55.7092,7.7488,14.0289,4321.0598,5.269
35,120,55.6893,7.8556,13.8067,4328.6258,4.9837
35,120,54.7672,7.8127,13.7678,4317.0862,5.0086
35,120,54.8808,7.7105,14.1315,4328.4255,5.272
35,120,54.6555,7.7523,13.6597,4324.6998,5.1396
35,120,55.2859,7.8059,13.9149,4317.3062,4.9656
35,120,55.1687,7.7902,14.0723,4321.8464,5.208
35,120,53.72,7.8057,14.08,4336.1553,5.2326
35,120,51.3924,7.8564,13.8256,4358.9371,5.2676
35,120,53.033,7.7921,13.8519,4334.3152,5.17
35,120,53.9078,7.8461,13.5275,4373.8153,5.2443
35,120,54.6923,7.8251,13.459,4326.0069,5.2687
35,120,53.5565,7.8063,13.9736,4353.3256,5.257
35,120,51.0403,7.8076,13.8144,4389.8248,5.2442
35,120,55.1041,7.8173,13.7183,4342.6118,5.2294
35,120,53.4108,7.7908,14.066,4374.4976,5.166
35,120,51.5252,7.7835,13.4587,4318.3627,5.2687
35,120,55.4979,7.788,13.9961,4347.9892,5.2296
35,120,52.3323,7.8538,14.0709,4373.2447,5.2524
35,120,50.929,7.7808,14.0406,4371.3913,5.2687
35,120,54.3265,7.8196,13.6462,4380.8326,5.1731
35,120,55.0565,7.8365,13.6702,4322.2862,5.1623
35,120,52.3633,7.8266,13.439,4376.3643,5.2066
35,120,51.2685,7.8189,13.7668,4342.6523,5.2306
35,120,52.7266,7.8289,13.6238,4395.281,5.1688
35,120,51.3148,7.8046,13.7242,4388.1163,5.2002
35,120,50.6047,7.8086,12.7491,4312.4719,5.133
35,120,49.9617,7.8371,13.2822,4311.107,5.1097
35,120,50.4295,7.794,13.1626,4379.4405,5.1491
35,120,50.3466,7.8116,12.9834,4349.6747,5.1147
35,120,50.6479,7.8338,12.9803,4347.3744,5.1085
35,120,49.8877,7.8091,13.1108,4341.4929,5.1152
35,120,50.1101,7.7823,13.3462,4310.1593,5.114
35,120,49.9799,7.8458,12.7222,4322.7982,5.1253
35,120,49.9036,7.8288,13.1234,4333.1819,5.1092
35,120,50.7493,7.8058,12.8256,4392.6525,5.1575
35,120,49.7367,7.7902,13.2441,4349.7304,5.1462
35,120,50.2561,7.8041,13.301,4391.5713,5.1067
35,120,49.9609,7.8163,13.0282,4345.0785,5.1236
35,120,49.9755,7.8112,13.1959,4346.8081,5.1308
35,120,49.8738,7.8294,13.1516,4373.7378,5.1246
35,120,50.647,7.8367,12.7266,4388.5968,5.1315
35,120,50.3022,7.7982,13.0294,4323.3126,5.1252
35,120,50.118,7.7866,12.6647,4357.4486,5.1528
35,120,49.758,7.846,13.2811,4319.4874,5.1459
35,120,49.8693,7.8546,13.2747,4306.0906,5.158
35,120,54.4037,7.8151,13.0692,4311.7296,5.1036
35,120,52.7531,7.7879,12.6507,4306.0368,5.1036
35,120,52.7543,7.8362,12.7097,4332.3831,5.1036
35,120,54.19,7.8115,13.2434,4338.9043,5.1036
35,120,49.8642,7.844,13.9998,4372.8296,5.1036
35,120,54.3509,7.7976,13.6675,4359.2692,5.1036
35,120,51.8311,7.854,13.8696,4348.0546,5.1036
35,120,49.8722,7.833,12.9271,4311.1743,5.1036
35,120,53.6162,7.8449,13.2598,4323.8314,5.1036
35,120,50.497,7.8376,12.8404,4363.7817,5.1036
35,120,50.4394,7.8272,14.0992,4316.59,5.1036
35,120,52.8767,7.8027,13.6074,4320.4197,5.1036
35,120,51.0227,7.7889,13.3733,4327.0379,5.1036
35,120,51.3902,7.808,12.9283,4382.1469,5.1036
35,120,51.7997,7.7978,14.371,4360.7469,5.1036
35,120,51.8239,7.7902,13.9212,4379.7953,5.1036
35,120,51.7174,7.7923,14.1632,4359.5512,5.1036
35,120,52.897,7.7952,13.3464,4368.717,5.1036
35,120,50.5606,7.8396,12.8799,4334.4226,5.1036
35,120,50.6725,7.8015,14.3261,4331.356,5.1036
35,60,43.6455,5.2939,9.2947,4239.3668,2.453
35,60,45.1628,5.2615,9.2998,4298.6677,2.4635
35,60,44.6196,5.2491,9.4067,4310.2431,2.4607
35,60,45.2186,5.3278,9.185,4309.6223,2.459
35,60,44.093,5.2406,9.3317,4280.6714,2.4573
35,60,45.1719,5.3236,9.3124,4285.6619,2.4631
35,60,43.1649,5.2771,9.2868,4315.6115,2.4515
35,60,44.4631,5.2576,9.2419,4304.517,2.4493
35,60,44.8728,5.3025,9.1509,4244.4639,2.4517
35,60,43.6527,5.2968,9.2897,4313.9504,2.451
35,60,45.155,5.2631,9.2887,4233.5982,2.4511
35,60,44.7916,5.3043,9.2501,4277.1919,2.4649
35,60,44.9273,5.2964,9.2756,4312.6556,2.454
35,60,44.3839,5.3192,9.3886,4253.3384,2.4519
35,60,44.8545,5.3036,9.2328,4236.1299,2.465
35,60,43.859,5.3282,9.3472,4273.4211,2.4552
35,60,43.6323,5.3109,9.267,4244.5533,2.4492
35,60,43.8232,5.3098,9.2532,4297.0035,2.464
35,60,44.4077,5.2493,9.3426,4288.2731,2.4579
35,60,44.9347,5.2529,9.3103,4295.1497,2.4552
35,60,44.035,5.3172,9.1262,4238.3348,2.4543
35,60,43.5468,5.2918,8.7778,4236.3742,2.4553
35,60,41.5456,5.3022,8.7874,4240.5493,2.4515
35,60,42.6227,5.3011,9.0094,4242.9652,2.4508
35,60,40.9832,5.3304,8.6208,4232.3863,2.4512
35,60,44.4128,5.2886,9.0778,4230.2741,2.4555
35,60,41.6973,5.3323,9.4138,4231.3506,2.4468
35,60,42.3565,5.3195,9.0071,4231.3539,2.4477
35,60,44.2158,5.304,8.8445,4236.1217,2.4538
35,60,43.2278,5.3241,8.7092,4228.8257,2.4533
35,60,43.5619,5.2948,9.2079,4228.7187,2.4532
35,60,42.6893,5.3087,9.1723,4235.1471,2.4529
35,60,41.8136,5.2998,8.9202,4234.2921,2.4497
35,60,44.8424,5.3265,9.3666,4228.6987,2.4465
35,60,41.7224,5.3203,8.6514,4237.5777,2.455
35,60,41.6369,5.3134,8.8718,4236.0662,2.4461
35,60,43.756,5.3022,9.0191,4237.7703,2.4552
35,60,43.427,5.3224,8.9821,4232.7287,2.4495
35,60,42.8078,5.3028,9.038,4239.4188,2.4484
35,60,42.2478,5.305,9.3059,4238.4813,2.4497
35,60,44.9386,5.3245,8.6222,4242.2978,2.4557
35,60,45.0215,5.3293,8.576,4242.9238,2.4558
35,60,43.0379,5.3221,8.6245,4242.6317,2.4557
35,60,43.254,5.3237,8.6329,4242.5547,2.4557
35,60,46.089,5.32,8.5809,4242.3108,2.4556
35,60,44.0268,5.2967,8.6341,4242.9874,2.4555
35,60,45.5155,5.3024,8.5916,4242.367,2.4557
35,60,42.4313,5.3309,8.5878,4242.6588,2.4554
35,60,44.2923,5.3221,8.5895,4242.6266,2.4558
35,60,44.1096,5.2966,8.5902,4242.2076,2.4558
35,60,46.1274,5.3166,8.6017,4242.7262,2.4557
35,60,41.4069,5.3088,8.616,4242.018,2.4556
35,60,43.637,5.3149,8.5835,4242.8522,2.4557
35,60,43.7505,5.2998,8.6289,4242.2543,2.4556
35,60,41.4298,5.321,8.6256,4242.3337,2.456
35,60,45.8111,5.2991,8.5892,4242.3471,2.4554
35,60,45.702,5.3047,8.612,4242.5914,2.4555
35,60,43.3061,5.312,8.5906,4242.7227,2.456
35,60,45.1497,5.29,8.5966,4242.1117,2.456
35,60,41.7434,5.2912,8.6106,4242.898,2.456
35,60,44.3581,5.2909,8.9498,4296.5846,2.4554
35,60,45.4973,5.3317,8.6875,4248.7307,2.4554
35,60,44.9105,5.3266,8.865,4305.8248,2.4554
35,60,43.6471,5.2945,9.0445,4302.0826,2.4554
35,60,45.7016,5.3079,9.0463,4257.4419,2.4554
35,60,45.3602,5.3067,8.7713,4243.6953,2.4554
35,60,44.7911,5.306,9.0538,4242.9891,2.4554
35,60,45.2525,5.3099,9.1276,4259.8274,2.4554
35,60,43.7915,5.2916,9.0921,4315.2722,2.4554
35,60,43.192,5.334,8.7345,4294.8708,2.4554
35,60,45.8194,5.3145,8.6987,4299.1912,2.4554
35,60,45.5726,5.3322,8.7749,4296.6906,2.4554
35,60,44.0967,5.3113,9.1257,4284.0179,2.4554
35,60,45.133,5.2861,8.6868,4291.083,2.4554
35,60,43.2358,5.306,8.9763,4268.8097,2.4554
35,60,43.2402,5.3164,8.6741,4283.0539,2.4554
35,60,44.2824,5.3288,9.1004,4248.9131,2.4554
35,60,43.5961,5.3305,9.1292,4242.9609,2.4554
35,60,45.0493,5.3255,9.1274,4283.6658,2.4554
35,60,44.3197,5.294,9.0817,4306.4267,2.4554
35,90,45.5424,5.505,10.9956,4291.7213,3.5266
35,90,44.9347,5.4614,10.9956,4282.9447,3.5053
35,90,45.4687,5.5828,10.9956,4287.6943,3.5147
35,90,45.1643,5.4484,10.9956,4286.1358,3.4951
35,90,44.8271,5.5913,10.9956,4294.1868,3.5034
35,90,45.0483,5.5037,10.9956,4297.443,3.5071
35,90,45.4031,5.458,10.9956,4283.3541,3.4946
35,90,44.4199,5.5361,10.9956,4285.6045,3.5107
35,90,44.7005,5.5933,10.9956,4296.6694,3.5156
35,90,45.5523,5.6218,10.9956,4294.2397,3.5324
35,90,44.7105,5.6002,10.9956,4292.5666,3.4961
35,90,45.0766,5.5191,10.9956,4296.8384,3.4931
35,90,45.4227,5.4359,10.9956,4285.0765,3.5019
35,90,45.5569,5.5403,10.9956,4294.0744,3.495
35,90,45.0684,5.5233,10.9956,4284.4153,3.5132
35,90,44.291,5.5232,10.9956,4281.7633,3.502
35,90,44.1878,5.4807,10.9956,4289.2894,3.533
35,90,45.0184,5.6188,10.9956,4286.793,3.5173
35,90,44.9457,5.4525,10.9956,4287.9744,3.5121
35,90,45.5092,5.6026,10.9956,4286.3886,3.5253
35,90,43.4273,5.6212,10.9956,4307.1818,3.5192
35,90,43.6666,5.5597,10.9956,4302.3757,3.5082
35,90,44.0652,5.5575,10.9956,4303.434,3.5308
35,90,44.8193,5.5547,10.9956,4309.3368,3.5287
35,90,42.8092,5.5799,10.9956,4299.4462,3.5267
35,90,44.0168,5.6054,10.9956,4302.2934,3.5219
35,90,45.4768,5.6455,10.9956,4302.536,3.5015
35,90,43.5698,5.5778,10.9956,4300.1797,3.5068
35,90,44.0755,5.6387,10.9956,4306.669,3.4966
35,90,45.3944,5.5849,10.9956,4305.2897,3.5051
35,90,43.0152,5.5783,10.9956,4309.9584,3.532
35,90,44.618,5.566,10.9956,4304.4637,3.4967
35,90,44.9058,5.5582,10.9956,4305.7677,3.4968
35,90,45.2372,5.564,10.9956,4309.0259,3.5301
35,90,44.6732,5.6477,10.9956,4306.7717,3.5283
35,90,44.9094,5.5605,10.9956,4305.0862,3.5193
35,90,43.6967,5.5464,10.9956,4303.5613,3.5284
35,90,45.374,5.5619,10.9956,4301.8461,3.514
35,90,44.7749,5.5473,10.9956,4304.4047,3.5057
35,90,44.7566,5.5398,10.9956,4299.546,3.5092
35,90,42.4652,5.6131,10.9956,4303.8328,3.4959
35,90,42.5816,5.6088,10.9956,4297.5561,3.4991
35,90,42.4984,5.6329,10.9956,4306.729,3.4958
35,90,42.5392,5.5822,10.9956,4306.1147,3.5046
35,90,42.4911,5.5515,10.9956,4292.0309,3.5068
35,90,42.6699,5.5838,10.9956,4293.7657,3.5024
35,90,42.4389,5.5456,10.9956,4295.0396,3.4983
35,90,42.4736,5.5456,10.9956,4309.7471,3.5051
35,90,42.6868,5.5529,10.9956,4290.1781,3.5061
35,90,42.5758,5.5949,10.9956,4297.6709,3.4954
35,90,42.6133,5.5742,10.9956,4298.407,3.5035
35,90,42.532,5.6259,10.9956,4298.39,3.5044
35,90,42.6388,5.5885,10.9956,4297.6727,3.4955
35,90,42.5454,5.6025,10.9956,4297.013,3.5003
35,90,42.5392,5.5632,10.9956,4306.8319,3.503
35,90,42.5401,5.5786,10.9956,4305.8107,3.4956
35,90,42.5805,5.6085,10.9956,4304.5369,3.5062
35,90,42.6909,5.6349,10.9956,4295.873,3.4961
35,90,42.5631,5.5957,10.9956,4305.3287,3.5032
35,90,42.5914,5.6379,10.9956,4303.2948,3.5045
35,90,42.6134,5.5778,10.9956,4292.6101,3.5069
35,90,43.2003,5.6105,10.9956,4290.1988,3.5069
35,90,43.1853,5.5859,10.9956,4292.4609,3.5069
35,90,43.3525,5.5883,10.9956,4294.5289,3.5069
35,90,43.7767,5.6129,10.9956,4290.8804,3.5069
35,90,43.6023,5.5919,10.9956,4294.3482,3.5069
35,90,43.8882,5.5506,10.9956,4293.5966,3.5069
35,90,42.5202,5.5501,10.9956,4293.2722,3.5069
35,90,42.7996,5.5848,10.9956,4294.7591,3.5069
35,90,43.1999,5.5751,10.9956,4291.255,3.5069
35,90,44.0321,5.6481,10.9956,4291.2518,3.5069
35,90,43.7511,5.5487,10.9956,4292.9557,3.5069
35,90,43.1869,5.561,10.9956,4291.8885,3.5069
35,90,42.9894,5.64,10.9956,4294.5302,3.5069
35,90,42.5317,5.6174,10.9956,4290.6483,3.5069
35,90,43.6691,5.5693,10.9956,4291.8588,3.5069
35,90,43.2786,5.6423,10.9956,4293.4177,3.5069
35,90,42.7667,5.6096,10.9956,4290.5935,3.5069
35,90,43.1458,5.5927,10.9956,4293.0944,3.5069
35,90,42.7146,5.5489,10.9956,4294.9792,3.5069
35,120,48.2342,5.666,12.8247,4184.729,4.5231
35,120,46.5784,5.6489,12.7648,4184.6835,4.5219
35,120,49.0555,5.6681,12.8935,4184.6713,4.5226
35,120,45.0615,5.6556,12.7021,4184.6281,4.5236
35,120,48.5684,5.676,12.6677,4184.8699,4.5167
35,120,47.6939,5.6525,12.7168,4184.9729,4.5156
35,120,47.3144,5.6522,12.7198,4184.9275,4.5176
35,120,47.7972,5.677,12.6591,4184.8331,4.5244
35,120,48.126,5.6583,12.9525,4184.826,4.518
35,120,45.3955,5.679,12.8443,4184.9252,4.5195
35,120,48.778,5.665,12.686,4184.6836,4.5184
35,120,45.0494,5.6709,12.6405,4184.6741,4.5169
35,120,46.2585,5.6833,12.7219,4184.733,4.522
35,120,45.7645,5.6651,12.8748,4184.8064,4.5221
35,120,48.9884,5.6607,12.6557,4184.7509,4.519
35,120,45.2818,5.6836,12.8307,4184.8696,4.5177
35,120,47.4973,5.6515,12.7224,4184.7299,4.5234
35,120,47.7395,5.6667,12.821,4184.8587,4.5154
35,120,47.8005,5.6592,12.5913,4184.8502,4.5179
35,120,48.722,5.6578,12.7232,4184.9342,4.5208
35,120,49.2399,5.6657,12.9591,4195.3681,4.5284
35,120,48.3303,5.6562,12.9591,4188.2281,4.5327
35,120,48.6745,5.6518,12.9591,4199.5294,4.5374
35,120,48.4768,5.6615,12.9591,4199.6703,4.5383
35,120,49.0529,5.6612,12.9591,4193.4601,4.5364
35,120,48.6574,5.6543,12.9591,4200.7116,4.531
35,120,48.467,5.6487,12.9591,4186.3319,4.534
35,120,48.1635,5.6647,12.9591,4185.731,4.5302
35,120,48.7754,5.6592,12.9591,4199.5675,4.5411
35,120,49.2047,5.6583,12.9591,4194.1009,4.5325
35,120,49.2382,5.6596,12.9591,4192.059,4.5299
35,120,48.5543,5.6559,12.9591,4191.209,4.5363
35,120,48.355,5.6566,12.9591,4191.9706,4.5329
35,120,48.4805,5.6628,12.9591,4185.2934,4.5375
35,120,48.894,5.6664,12.9591,4193.6754,4.53
35,120,48.175,5.6642,12.9591,4192.6147,4.5376
35,120,48.685,5.6547,12.9591,4190.1164,4.5367
35,120,48.1666,5.6514,12.9591,4192.758,4.5348
35,120,49.2188,5.6567,12.9591,4190.0319,4.53
35,120,49.0593,5.6568,12.9591,4186.2833,4.5267
35,120,48.6639,5.6629,12.9569,4215.0071,4.5384
35,120,48.7631,5.6615,12.2327,4207.4943,4.5295
35,120,48.6693,5.6536,12.8211,4214.4634,4.5387
35,120,48.3221,5.6656,12.9341,4216.6093,4.541
35,120,48.2196,5.652,12.5994,4206.9533,4.53
35,120,48.7159,5.6645,12.2277,4212.7044,4.5398
35,120,48.6709,5.6587,12.8227,4202.0354,4.5311
35,120,48.3045,5.664,12.6906,4201.6334,4.5315
35,120,48.2738,5.6574,12.5938,4209.4731,4.5354
35,120,48.3403,5.6591,12.3058,4212.4217,4.5364
35,120,48.7028,5.6644,12.8316,4202.7683,4.5387
35,120,48.6975,5.6671,12.213,4214.414,4.53
35,120,48.5182,5.6639,12.7184,4215.0773,4.5338
35,120,48.5191,5.6641,12.4695,4212.493,4.5288
35,120,48.3153,5.6665,12.7765,4208.4536,4.5311
35,120,48.6098,5.6649,12.9016,4216.0749,4.5303
35,120,48.6791,5.6592,12.2256,4205.8768,4.533
35,120,48.4262,5.6602,12.7436,4218.9955,4.5321
35,120,48.4295,5.6487,12.8671,4206.2332,4.5279
35,120,48.4434,5.6552,12.735,4217.2248,4.5413
35,120,47.8967,5.6651,12.1697,4239.7703,4.5277
35,120,46.5792,5.6637,12.0695,4224.5317,4.5277
35,120,45.8203,5.6641,12.1249,4232.6119,4.5277
35,120,45.8042,5.6542,11.981,4240.6793,4.5277
35,120,46.3405,5.6673,12.1319,4240.5714,4.5277
35,120,47.9583,5.6669,12.125,4242.7755,4.5277
35,120,46.5318,5.656,12.1195,4232.4459,4.5277
35,120,48.3861,5.6511,12.0199,4232.2382,4.5277
35,120,48.4138,5.6619,12.0931,4227.4124,4.5277
35,120,48.1897,5.6546,12.0732,4221.7066,4.5277
35,120,48.3399,5.6503,12.0742,4232.8824,4.5277
35,120,46.8795,5.6531,12.1607,4246.743,4.5277
35,120,48.5804,5.6676,12.0252,4229.7676,4.5277
35,120,46.0907,5.6572,12.066,4231.5839,4.5277
35,120,46.4212,5.6642,11.9901,4227.5625,4.5277
35,120,45.7466,5.6496,12.0347,4231.8199,4.5277
35,120,47.1867,5.6559,12.1629,4227.8438,4.5277
35,120,46.6473,5.6547,12.0291,4226.965,4.5277
35,120,45.8653,5.6502,12.1676,4233.5493,4.5277
35,120,47.0341,5.666,12.1212,4246.6378,4.5277
